Ascomycota,Basidiomycota,Chytridiomycota,Cryptomycota,Microsporidia,Mucoromycota,Zoopagomycota,B_A_ratio,group
75.425,18.75,0.675,0,2,2.45,0.7,0.248591316,favor-type
79.025,15.825,0.6,0.15,1.75,1.525,1.125,0.200253084,favor-type
71.5,22.85,0.7,0,2.975,1.7,0.275,0.31958042,favor-type
79.575,15.775,0.275,0.05,1.725,1.85,0.75,0.198240653,unfavor-type
76.2,18.45,0.375,0.125,1.6,2.75,0.5,0.242125984,favor-type
76.325,17.725,0.9,0.05,2.3,1.675,1.025,0.232230593,favor-type
74.95,17.95,1.15,0.025,2.75,2.075,1.1,0.239492995,unfavor-type
73.425,19.55,1.55,0.25,2.475,1.65,1.1,0.266258086,unfavor-type
75.1,19.85,0.45,0,2.225,1.75,0.625,0.264314248,favor-type
77.7,17.75,0.35,0.15,1.125,2.375,0.55,0.228442728,favor-type
77.225,17.075,0.65,0.175,1.425,2.85,0.6,0.221107154,unfavor-type
75.175,18.825,0.525,0.3,1.85,2.25,1.075,0.250415697,unfavor-type
77.025,18.1,0.9,0,1.475,1.8,0.7,0.23498864,unfavor-type
78.9,15.125,0.65,0.075,1.3,3.675,0.275,0.191698352,unfavor-type
77.2,17.475,0.525,0.2,1.425,2.575,0.6,0.226360104,favor-type
75.275,17.95,0.475,0.075,1.95,3.65,0.625,0.238458984,favor-type
75.65,18.575,0.825,0,2.225,2.175,0.55,0.245538665,favor-type
74.375,19.525,0.45,0.2,2.025,2.925,0.5,0.262521008,favor-type
79.85,15.175,0.25,0.025,1.575,0.95,2.175,0.190043832,unfavor-type
75.05,18.8,0.6,0.025,2.275,2.5,0.75,0.250499667,unfavor-type
83.1,11.625,0.9,0.025,0.825,1.675,1.85,0.139891697,unfavor-type
78.65,16.7,0.4,0.275,1.675,1.825,0.475,0.212333121,unfavor-type
77.275,18.425,0.625,0.025,1.55,1.475,0.625,0.238434164,favor-type
75.05,18.35,0.95,0.05,1.575,2.975,1.05,0.244503664,unfavor-type
72.475,21.75,0.85,0.05,1.575,2.975,0.325,0.300103484,unfavor-type
74.775,18.775,1.2,0.025,2.2,2.525,0.5,0.251086593,unfavor-type
75.475,19.4,0.75,0.225,1.575,1.9,0.675,0.257038755,favor-type
75.075,19.25,0.675,0.05,1.5,2.7,0.75,0.256410256,unfavor-type
76.2,17.875,0.85,0.125,1.65,2.275,1.025,0.234580052,unfavor-type
77.625,18.5,0.35,0.025,1.25,1.4,0.85,0.238325282,favor-type
78.225,15.875,1.05,0.125,1.075,2.775,0.875,0.202940236,unfavor-type
79.05,16.1,0.3,0.025,1.375,2.325,0.825,0.203668564,unfavor-type
75.225,18.925,0.275,0.575,1.4,2.875,0.725,0.251578598,unfavor-type
77.25,17.525,0.525,0,1.05,2.925,0.725,0.226860841,unfavor-type
77.725,16.35,0.6,0.05,1.925,2.375,0.975,0.210357028,unfavor-type
71.575,22.175,1.05,0.15,1.9,2.225,0.925,0.309814879,unfavor-type
74.7,18.675,1.225,0.125,1.675,2.55,1.05,0.25,unfavor-type
78.9,15.475,0.35,0.025,1.825,2.775,0.65,0.196134347,unfavor-type
74.85,18.225,1.3,0.025,2.05,2.575,0.975,0.243486974,unfavor-type
73.425,20.925,0.45,0.075,1.375,3.225,0.525,0.284984678,unfavor-type
74.625,19.675,0.45,0.025,1.925,2.4,0.9,0.263651591,unfavor-type
77.5,17.35,0.775,0,1.5,2.3,0.575,0.223870968,unfavor-type
75.2,18.575,0.775,0.05,1.775,2.875,0.75,0.247007979,unfavor-type
76.275,19.775,0.25,0.025,1.375,1.95,0.35,0.259259259,favor-type
78.425,16.575,0.35,0,2.725,1.6,0.325,0.211348422,unfavor-type
80.35,13.7,1.275,0,1.975,1.975,0.725,0.170504045,unfavor-type
80.4,14.575,0.2,0,1.55,2.475,0.8,0.181281095,unfavor-type
76.075,18.55,0.65,0.075,2.075,1.85,0.725,0.243838317,unfavor-type
77.65,15.825,0.6,0.025,2.625,2.825,0.45,0.203799099,unfavor-type
77.525,16.525,1.7,0.2,1.575,1.475,1,0.213157046,favor-type
80.65,13.45,0.6,0.475,1.675,2.975,0.175,0.166769994,unfavor-type
73.7,21.375,0.5,0.025,2.975,1.175,0.25,0.290027137,unfavor-type
76.325,19.325,0.575,0.025,1.75,1.625,0.375,0.25319358,unfavor-type
82.125,13.375,1.025,0,1.9,1.3,0.275,0.162861492,unfavor-type
74.75,18.325,1.1,0.1,3,2.15,0.575,0.245150502,favor-type
76.025,18.4,0.55,0.025,1.95,2.25,0.8,0.242025649,unfavor-type
90.175,7.55,0.425,0.075,0.725,0.975,0.075,0.083726088,favor-type
79.125,13.55,0.65,0.05,3.125,2.575,0.925,0.171248025,unfavor-type
77.075,17.3,0.525,0.05,2.075,2.175,0.8,0.224456698,favor-type
72.775,21.925,0.675,0.025,1.95,2.275,0.375,0.301271041,unfavor-type
79.925,17,0.35,0,1.75,0.9,0.075,0.212699406,unfavor-type
75.625,19.525,0.975,0.05,1.85,1.425,0.55,0.258181818,unfavor-type
74.5,21.4,0.175,0.05,1.125,1.9,0.85,0.287248322,unfavor-type
76.475,17,1.2,0.05,1.95,1.95,1.375,0.222294868,unfavor-type
70.275,24.7,0.425,0.1,1.725,2.275,0.5,0.351476343,unfavor-type
73.45,22.1,0.625,0.125,1.4,1.45,0.85,0.300884956,favor-type
72.125,19.975,0.2,0.025,1.7,4.525,1.45,0.27694974,unfavor-type
75.225,19.225,0.475,0.1,1.8,2.5,0.675,0.255566633,unfavor-type
77.6,16.5,1.05,0,1.625,2.5,0.725,0.212628866,unfavor-type
78.125,16.625,0.425,0.025,1.675,2.6,0.525,0.2128,unfavor-type
75.25,18,0.7,0.125,2.075,2.825,1.025,0.239202658,unfavor-type
76.175,18.05,0.125,0.025,1.925,2.875,0.825,0.236954381,unfavor-type
77.725,16.275,0.875,0.025,3.4,1.125,0.575,0.209392087,unfavor-type
75.525,20.25,0.7,0.1,0.95,1.65,0.825,0.268123138,favor-type
77.1,16.65,0.85,0.025,1.95,2.65,0.775,0.215953307,unfavor-type
75.5,19.1,1.275,0.025,1.575,1.825,0.7,0.252980132,unfavor-type
83.725,13,0.55,0,1.25,1.125,0.35,0.15527023,unfavor-type
78.775,16.9,0.5,0.1,1.05,2.15,0.525,0.214535068,favor-type
74.65,20.4,0.675,0.05,1.775,1.725,0.725,0.273275285,favor-type
73.325,20.625,1.15,0.05,3.125,1.45,0.275,0.281281964,favor-type
73.25,19.925,1.025,0.1,1.875,2.875,0.95,0.272013652,favor-type
74.425,19.15,0.975,0.1,2.65,2.425,0.275,0.257306013,favor-type
76.775,16.875,0.825,0,2.175,2.65,0.7,0.219798111,unfavor-type
75.5,18.9,1.425,0.05,1.675,1.85,0.6,0.250331126,unfavor-type
81.8,13.55,0.375,0,1.025,2.75,0.5,0.165647922,unfavor-type
73.1,20.025,1.05,0.275,2.625,1.9,1.025,0.273939808,favor-type
77.475,16.375,0.9,0,1.075,3.475,0.7,0.211358503,unfavor-type
85.525,9.35,1.15,0.05,1,2.65,0.275,0.109324759,unfavor-type
82.15,13.625,0.9,0,1.35,1.725,0.25,0.165855143,unfavor-type
76.425,17.8,0.5,0,2.3,2.375,0.6,0.23290808,unfavor-type
72.4,21.35,0.6,0.15,1.85,2.2,1.45,0.294889503,unfavor-type
75.475,18.6,0.35,0.35,1.275,2.125,1.825,0.246439218,favor-type
69,25.775,0.75,0.15,1.9,1.65,0.775,0.373550725,favor-type
74.075,21.05,0.725,0,2.375,1.45,0.325,0.284171448,favor-type
75.8,19.075,0.225,0,2.675,1.625,0.6,0.251649077,favor-type
78.225,16.35,0.675,0,1.6,2.4,0.75,0.209012464,unfavor-type
72.625,22.475,0.35,0.15,0.8,1.275,2.325,0.309466437,favor-type
77.55,18.275,0.35,0.175,1.1,2.075,0.475,0.235654417,favor-type
73.9,19.175,0.775,0.275,1.725,2.45,1.7,0.25947226,favor-type
73.85,21.3,0.25,0.075,2.475,1.5,0.55,0.288422478,unfavor-type
73.975,20.225,0.625,0.025,2.125,1.875,1.15,0.273403177,favor-type
76.15,18.975,0.225,0,1.725,1.275,1.65,0.249179251,favor-type
77.4,19.1,0.175,0.125,1.775,1.125,0.3,0.246770026,unfavor-type
83.4,11.75,0.975,0.025,1.175,2.3,0.375,0.14088729,unfavor-type
80.2,16,0.625,0.025,1.2,1.4,0.55,0.199501247,unfavor-type
78.9,16.175,0.325,0.05,2.3,1.8,0.45,0.205006337,favor-type
74.375,19.45,0.675,0.025,1.775,2.65,1.05,0.261512605,favor-type
77.45,17.45,1.025,0.15,1.5,1.825,0.6,0.225306649,favor-type
71.925,22.275,1.075,0.025,2.525,1.675,0.5,0.309697602,favor-type
78.15,16.225,2,0,2.225,1.125,0.275,0.207613564,unfavor-type
72.525,20.575,0.925,0.1,2.675,2.325,0.875,0.283695277,favor-type
76.1,18,0.7,0.2,1.65,2.325,1.025,0.23653088,unfavor-type
73.1,19.45,0.475,0.175,3.6,2.65,0.55,0.266073871,favor-type
69.375,26.05,0.35,0.075,1.65,1.6,0.9,0.375495495,favor-type
77.2,15.125,1.3,0.125,2.25,3.075,0.925,0.195919689,unfavor-type
71,22.55,0.725,0.025,2.425,2.3,0.975,0.317605634,favor-type
77.375,16.475,1.25,0.025,1.775,2.675,0.425,0.212924071,favor-type
72.525,21.9,0.5,0.1,2.075,2.4,0.5,0.30196484,favor-type
80.45,15.25,0.675,0.45,0.9,1.45,0.825,0.189558732,unfavor-type
75.875,18.4,0.425,0.025,1.45,2.725,1.1,0.242504119,unfavor-type
76.825,18.85,0.575,0.05,1.775,1.4,0.525,0.245362838,favor-type
74.5,20.7,0.425,0.025,1.175,2.325,0.85,0.277852349,favor-type
74.175,20.075,0.825,0.125,1.825,1.925,1.05,0.270643748,favor-type
83.2,13.275,0.25,0.175,1.7,1,0.4,0.159555288,unfavor-type
73.775,21.1,0.875,0.05,2.375,1.225,0.6,0.286004744,unfavor-type
88.775,8.6,0.2,0,1.025,0.95,0.45,0.09687412,unfavor-type
74.3,19.625,1.2,0.025,2.25,2.15,0.45,0.264131898,unfavor-type
91.9,7.45,0.05,0.025,0.475,0.025,0.075,0.081066376,unfavor-type
74.925,18.125,0.75,0.125,1.7,3.7,0.675,0.241908575,unfavor-type
79.35,14.4,0.05,0.075,1.175,4.1,0.85,0.18147448,unfavor-type
74.075,19.225,0.55,0.075,2.675,2.7,0.7,0.259534256,favor-type
72.175,21.875,1.35,0,1.475,1.875,1.25,0.303082785,favor-type
75.6,20.625,0.825,0.05,0.975,1.225,0.7,0.27281746,favor-type
72.9,21.625,0.625,0.05,2.2,2.25,0.35,0.296639232,favor-type
74.225,19.775,0.7,0.05,1.85,2.4,1,0.26641967,favor-type
79.4,16.275,0.475,0.025,1.525,1.35,0.95,0.204974811,unfavor-type
78.9,15.975,0.525,0,1.9,2.025,0.675,0.202471483,favor-type
75.475,18.7,1.025,0,1.95,2.325,0.525,0.24776416,favor-type
74.225,20.525,0.475,0.05,1.775,2.45,0.5,0.276524082,favor-type
73.95,19.025,0.575,0,2.625,3.175,0.65,0.257268425,unfavor-type
78.025,16.4,0.275,0.175,1.7,2.575,0.85,0.210189042,unfavor-type
78.475,15.3,0.325,0.025,2.875,2.375,0.625,0.19496655,unfavor-type
94.35,4.275,0.025,0,0.7,0.625,0.025,0.045310016,unfavor-type
75.8,18.8,0.6,0,2.425,1.95,0.425,0.248021108,unfavor-type
77.1,17.4,0.675,0.025,2.025,2.1,0.675,0.225680934,unfavor-type
73.85,20.875,0.8,0.2,1.85,1.6,0.825,0.282667569,favor-type
76.075,17.7,0.5,0.175,1.95,2.75,0.85,0.232665133,favor-type
75.25,18.25,1.625,0.175,2.35,1.4,0.95,0.242524917,unfavor-type
72.775,21.975,0.75,0.175,2.55,1.25,0.525,0.30195809,favor-type
73.025,21.5,0.7,0.15,2.15,1.975,0.5,0.294419719,favor-type
74.6,20.15,0.4,0.025,1.85,2.275,0.7,0.270107239,favor-type
75.4,18.775,0.825,0.05,1.775,2.15,1.025,0.249005305,favor-type
73.525,20.9,0.625,0.075,2.225,2.225,0.425,0.284257055,favor-type
73.85,20.95,0.9,0.1,1.375,2.275,0.55,0.283683142,favor-type
85.05,11.1,0.625,0,1.075,1.9,0.25,0.130511464,unfavor-type
75.375,19.375,0.7,0.15,2.175,1.75,0.475,0.257048093,unfavor-type
74.2,20.45,0.975,0.075,1.925,1.675,0.7,0.275606469,favor-type
74.15,20.3,0.625,0.025,2.175,2.075,0.65,0.273769386,favor-type
74.55,20.275,0.525,0.125,1.225,1.825,1.475,0.271965124,favor-type
77.475,17.4,0.75,0.075,1.5,2.325,0.475,0.224588577,favor-type
76,17.1,0.7,0.05,2.375,2.975,0.8,0.225,unfavor-type
78.875,19.7,0.175,0,0.15,0.95,0.15,0.249762282,unfavor-type
76.125,17.325,0.625,0.275,2.5,2.7,0.45,0.227586207,unfavor-type
88.75,8.5,0.4,0,1,1.075,0.275,0.095774648,unfavor-type
72.025,20.325,0.725,0.075,3.525,2.675,0.65,0.282193683,unfavor-type
75.75,18.425,0.775,0.225,2.675,1.75,0.4,0.243234323,unfavor-type
72.25,23.325,0.775,0.025,0.85,2.175,0.6,0.32283737,favor-type
74.675,20.55,0.375,0.1,1.275,2.25,0.775,0.275192501,favor-type
73.875,18.725,0.825,0.15,2.325,3.25,0.85,0.253468697,unfavor-type
79.95,16.05,0.5,0,1.45,1.525,0.525,0.200750469,favor-type
73.725,21.75,0.5,0.075,1.225,2.075,0.65,0.295015259,favor-type
80.075,15.55,0.55,0.025,1.65,1.85,0.3,0.194192944,favor-type
73.65,22.075,1.5,0.025,1.5,0.85,0.4,0.299728445,unfavor-type
70.75,22.45,0.575,0.1,2.75,2.55,0.825,0.317314488,favor-type
73.75,20.5,0.8,0.025,2.075,1.775,1.075,0.277966102,favor-type
74.075,19.225,0.825,0.2,2.95,2.375,0.35,0.259534256,unfavor-type
74.925,19.95,0.675,0.075,1,2.125,1.25,0.266266266,favor-type
73.1,21.8,0.475,0.1,1.25,2.725,0.55,0.298221614,favor-type
74.925,18.975,0.85,0.025,2.425,2.475,0.325,0.253253253,favor-type
81.85,14.15,0.45,0.05,1.05,1.4,1.05,0.172877214,unfavor-type
73.9,20.7,0.85,0.125,1.925,1.475,1.025,0.280108254,favor-type
75.675,18.05,0.75,0.1,1.725,3,0.7,0.238519987,favor-type
71,23.25,0.725,0.05,1.975,2.35,0.65,0.327464789,favor-type
73.425,20.275,0.5,0,1.725,3.375,0.7,0.276132108,unfavor-type
73.975,19.8,0.775,0.075,1.9,2.8,0.675,0.267657993,unfavor-type
76.35,17.1,1.4,0.175,1.8,2.5,0.675,0.223968566,unfavor-type
80.45,14.825,0.5,0.075,1.45,2.375,0.325,0.184275948,unfavor-type
76.175,17.65,0.475,0.025,2.375,2.5,0.8,0.231703315,favor-type
79.625,15.725,0.625,0.2,1.375,1.925,0.525,0.197488226,unfavor-type
72.375,20.425,1.05,0.05,2.275,3.025,0.8,0.282210708,unfavor-type
73.3,21.05,0.55,0.2,2.35,2.025,0.525,0.287175989,favor-type
88.65,8.575,0.175,0,1.025,1.175,0.4,0.096728708,unfavor-type
79.625,15.9,0.675,0.075,1.55,1.425,0.75,0.199686028,unfavor-type
72.925,20.625,0.725,0.075,1.85,3.1,0.7,0.28282482,favor-type
76.6,16.7,0.575,0.375,1.975,3.225,0.55,0.218015666,unfavor-type
74.5,18.525,0.525,0.15,3.125,2.475,0.7,0.248657718,favor-type
75.3,19.4,0.575,0.05,1.1,2.775,0.8,0.257636122,favor-type
73.425,20.4,0.4,0.05,1.8,3.05,0.875,0.277834525,favor-type
78.9,16.4,0.575,0.025,1.675,1.475,0.95,0.207858048,favor-type
71.925,22.875,0.5,0.025,2.025,2.175,0.475,0.318039625,favor-type
73.675,21.225,0.725,0.05,1.325,1.6,1.4,0.288089583,favor-type
74.2,19.975,0.7,0.1,1.875,2.3,0.85,0.269204852,favor-type
78.55,16.9,0.125,0.1,2.4,1.425,0.5,0.215149586,unfavor-type
74.05,18.6,0.775,0.05,3.325,2.625,0.575,0.251181634,unfavor-type
74.95,19.925,0.55,0.05,2.225,1.85,0.45,0.265843896,favor-type
72.85,21.7,1.275,0.05,1.675,2.35,0.1,0.29787234,unfavor-type
75.55,20.025,0.325,0.025,1.725,1.45,0.9,0.265056254,favor-type
74.6,19.725,0.375,0.125,2.85,1.625,0.7,0.264410188,favor-type
73.475,20.225,0.55,0.025,2.9,2.275,0.55,0.275263695,favor-type
78.4,16.4,0.725,0.375,1.5,1.8,0.8,0.209183673,unfavor-type
82.725,13.525,0.45,0.025,1.125,1.675,0.475,0.163493503,unfavor-type
76.925,17.35,0.5,0.125,2,2.475,0.625,0.225544361,favor-type
76.7,17.4,0.625,0.025,2.5,2.25,0.5,0.226857888,unfavor-type
94.925,4.25,0.025,0,0.225,0.55,0.025,0.044772189,unfavor-type
74.4,19.525,0.475,0,3.1,2.075,0.425,0.262432796,favor-type
77.4,16.05,0.525,0.025,2.5,2.775,0.725,0.207364341,unfavor-type
75.975,17.9,1.175,0.025,1.825,2.4,0.7,0.235603817,favor-type
78.525,16.325,1.1,0.125,1.925,1.825,0.175,0.207895575,unfavor-type
78.4,16.8,0.75,0.1,1.25,1.45,1.25,0.214285714,unfavor-type
74.4,20.375,0.925,0.125,1.975,1.675,0.525,0.273857527,favor-type
75.125,19.275,0.675,0.025,1.85,2.35,0.7,0.256572379,favor-type
74.6,19.875,0.725,0.175,2,1.95,0.675,0.266420912,favor-type
75.725,19.95,0.725,0.05,1,1.925,0.625,0.263453285,favor-type
76.35,18.575,0.575,0.075,1.7,2.35,0.375,0.243287492,unfavor-type
75.65,18.775,0.35,0.3,1.975,1.95,1,0.248182419,unfavor-type
75.475,18.1,0.95,0.05,1.575,2.825,1.025,0.239814508,unfavor-type
75.95,18.05,1.225,0.1,1.575,2.25,0.85,0.237656353,unfavor-type
74.2,20.425,0.45,0.025,2.2,2,0.7,0.275269542,favor-type
81.2,14.4,2,0.025,1.375,0.95,0.05,0.177339901,unfavor-type
79.8,15.35,1.225,0.075,0.55,2.5,0.5,0.19235589,unfavor-type
72.9,21.725,0.5,0,1.675,2.725,0.475,0.298010974,unfavor-type
74.575,19.225,0.55,0.1,2.3,2.45,0.8,0.257794167,favor-type
77.65,16.6,0.4,0.075,2.475,2.05,0.75,0.213779781,unfavor-type
74.75,19.225,1.225,0.05,1.9,2.25,0.6,0.257190635,unfavor-type
75.875,20.4,0.4,0,1.275,1.575,0.475,0.268863262,unfavor-type
75.125,19.3,1.25,0.125,1.2,2.45,0.55,0.256905158,unfavor-type
78.55,17.1,0.5,0,1.275,1.025,1.55,0.217695735,unfavor-type
73.475,22.2,1.05,0,1.425,1.45,0.4,0.302143586,unfavor-type
77.1,18.275,0.55,0.2,1.225,1.825,0.825,0.237029831,unfavor-type
74.375,20.775,0.475,0.075,1.5,2.3,0.5,0.279327731,favor-type
77.75,18.275,0.7,0.05,1.125,1.4,0.7,0.235048232,favor-type
74.7,20.9,0.575,0,1.325,1.85,0.65,0.27978581,favor-type
77.6,18.05,0.525,0.225,1,1.625,0.975,0.232603093,unfavor-type
73.1,21.9,0.725,0.1,1.875,1.7,0.6,0.299589603,favor-type
75.5,19.575,0.65,0.1,1.625,1.875,0.675,0.259271523,favor-type
72.35,23.05,0.375,0.075,1.4,1.8,0.95,0.318590187,favor-type
73.525,20.85,0.675,0.075,1.925,1.9,1.05,0.283577015,favor-type
75.825,19.15,0.55,0.125,1.45,1.825,1.075,0.252555226,favor-type
73.075,22.875,0.35,0.025,2,0.975,0.7,0.313034554,favor-type
73.15,21.625,0.675,0.25,1.725,2.025,0.55,0.295625427,favor-type
75.875,19.125,1.05,0.125,0.975,2.075,0.775,0.252059308,unfavor-type
72.7,21.725,0.825,0.05,1.3,1.975,1.425,0.298830812,unfavor-type
73.225,21.5,0.625,0,2.475,1.925,0.25,0.293615568,favor-type
77.025,18.675,0.825,0.1,1.375,1.45,0.55,0.242453749,unfavor-type
74.125,17.575,1.275,0.025,5.5,1.175,0.325,0.237099494,unfavor-type
73.625,19.75,1.25,0.075,1.925,2.25,1.125,0.268251273,unfavor-type
77.825,16.95,0.3,0.1,1.9,2.375,0.55,0.217796338,unfavor-type
74.825,19.6,0.55,0.075,1.875,2.25,0.825,0.261944537,favor-type
77.325,17.675,1.6,0,1.725,1.25,0.425,0.228580666,favor-type
78.575,15.125,0.625,0,2.75,2.225,0.7,0.19249125,unfavor-type
78.35,16,0.6,0.1,1.8,2.45,0.7,0.20421187,favor-type
75.975,17.725,0.775,0.075,2.2,2.9,0.35,0.233300428,favor-type
72.85,20.9,0.85,0.1,2.3,1.925,1.075,0.286890872,favor-type
74.2,19.75,0.375,0.075,1.6,2.8,1.2,0.266172507,favor-type
79.5,15.75,0.675,0.05,1.35,2.05,0.625,0.198113208,favor-type
78.525,17.825,0.225,0.025,1.625,1.35,0.425,0.226997771,unfavor-type
74.75,18.75,0.65,0.225,2.225,2.225,1.175,0.25083612,favor-type
77.85,17.175,0.9,0.075,1.65,2.025,0.325,0.22061657,unfavor-type
78.8,16.25,1.1,0.1,1.175,1.9,0.675,0.206218274,unfavor-type
71.825,22.95,0.825,0.125,2.1,1.65,0.525,0.319526627,unfavor-type
75.55,19.225,0.225,0.05,1.5,2.1,1.35,0.25446724,unfavor-type
73.5,20.825,0.75,0.05,2.675,1.8,0.4,0.283333333,favor-type
79.175,16.925,0.55,0.05,1.1,1.55,0.65,0.213766972,favor-type
77.95,17.25,0.825,0.075,1.325,1.85,0.725,0.221295702,favor-type
78.15,16.6,0.875,0.05,1.6,1.55,1.175,0.212412028,favor-type
73.3,21.325,0.625,0.15,1.8,1.825,0.975,0.290927694,favor-type
74.9,19.25,0.675,0.075,2.025,2.225,0.85,0.257009346,favor-type
75.725,18.525,0.6,0,1.7,2.975,0.475,0.244635193,favor-type
74.875,20.1,0.55,0.075,2,1.725,0.675,0.268447412,unfavor-type
76.15,18.85,0.35,0.025,1.425,2.425,0.775,0.247537754,favor-type
76,18.55,0.4,0,1.95,2.275,0.825,0.244078947,unfavor-type
76.325,18.625,0.875,0.05,1.375,2.125,0.625,0.244022273,favor-type
79.85,15.075,0.6,0.025,1.025,2.8,0.625,0.188791484,unfavor-type
77.275,17.025,0.6,0.05,1.625,2.25,1.175,0.220317049,favor-type
74.85,19.1,0.65,0.075,2.125,2.525,0.675,0.255177021,favor-type
74.15,20.275,0.525,0.075,2.325,2.025,0.625,0.273432232,favor-type
74.675,18,0.575,0.2,1.875,3.575,1.1,0.241044526,favor-type
75.425,16.9,1.025,0,1.7,3.65,1.3,0.224063639,unfavor-type
76.7,18.225,0.9,0.025,1.8,1.475,0.875,0.237614081,unfavor-type
73.025,21.225,0.525,0.025,1.675,2.575,0.95,0.290653886,favor-type
72.325,22.325,0.625,0.125,2.575,1.375,0.65,0.308676115,favor-type
72.45,22.425,0.825,0.025,1.975,1.825,0.475,0.30952381,favor-type
74.925,20.175,0.5,0.05,1.8,1.675,0.875,0.269269269,unfavor-type
73.125,19.75,0.95,0,2.4,2.525,1.25,0.27008547,unfavor-type
75.675,17.75,1.45,0.05,1.65,2.975,0.45,0.234555666,unfavor-type
79.025,12.675,2.3,0.025,2,3.525,0.45,0.160392281,unfavor-type
76.1,17.9,0.375,0.05,2.3,2.375,0.9,0.23521682,favor-type
77.525,17.65,0.225,0.025,1.25,2.875,0.45,0.227668494,unfavor-type
71.8,23.4,0.575,0.025,1.7,1.775,0.725,0.325905292,favor-type
73.2,21.3,0.925,0.025,1.7,1.975,0.875,0.290983607,unfavor-type
75.2,18.525,0.625,0.025,2.55,2.175,0.9,0.246343085,unfavor-type
73.05,22.125,0.675,0.025,1.25,0.975,1.9,0.302874743,favor-type
71.6,22.075,0.325,0.025,2.725,2.375,0.875,0.308310056,unfavor-type
84.575,12.05,0.275,0,1.425,1.25,0.425,0.142477091,unfavor-type
76.075,18,0.325,0,2,2.85,0.75,0.23660861,unfavor-type
78.75,14.05,1.825,0,2.3,2.675,0.4,0.178412698,unfavor-type
79.1,18.55,0.6,0,0.65,0.75,0.35,0.234513274,favor-type
74.125,20.55,0.875,0.075,1.65,1.525,1.2,0.277234401,favor-type
76.1,17.825,0.55,0.175,1.85,2.5,1,0.234231275,unfavor-type
72.65,22.825,1.025,0.05,1.5,1.675,0.275,0.314177564,favor-type
75.4,17.225,0.9,0.25,1.475,4.075,0.675,0.228448276,unfavor-type
72.775,20.3,0.55,0.1,1.775,3.425,1.075,0.278941944,favor-type
74.125,20.675,0.225,0.15,1.5,2.3,1.025,0.278920742,favor-type
76.525,17.45,1.075,0.05,2.55,1.85,0.5,0.228030056,unfavor-type
74.075,20.35,1.25,0.225,1.375,1.45,1.275,0.274721566,favor-type
76.2,18.7,0.25,0,2.25,1.975,0.625,0.245406824,favor-type
79.275,15.7,0.525,0.2,1.65,1.85,0.8,0.198044781,unfavor-type
78.275,16.3,0.775,0.125,1.7,2.15,0.675,0.208240179,favor-type
76.75,17.025,0.875,0.025,1.325,3.025,0.975,0.221824104,favor-type
73.125,21.075,0.625,0,1.775,2.75,0.65,0.288205128,favor-type
74.15,19.625,0.725,0.1,1.95,2.8,0.65,0.264666217,favor-type
73.15,22.175,0.625,0.025,1.725,1.675,0.625,0.303144224,favor-type
75.275,19.4,0.625,0.025,2.3,1.55,0.825,0.257721687,favor-type
80.83791209,15.38461538,0.274725275,0,1.03021978,2.197802198,0.274725275,0.190314359,unfavor-type
80.55,15.15,0.3,0.025,1.45,1.8,0.725,0.188081937,unfavor-type
73.625,21.3,0.675,0.075,1.875,1.75,0.7,0.289303905,favor-type
75.575,19.05,0.9,0,1.875,2.025,0.575,0.252067483,favor-type
74.775,20.025,0.5,0.2,1.325,1.75,1.425,0.26780341,favor-type
76.45,17.375,0.825,0.025,2.475,2.325,0.525,0.227272727,unfavor-type
78.225,16.825,0.425,0.125,2.125,1.4,0.875,0.215084692,unfavor-type
77.55,16.2,0.725,0.025,2.95,1.85,0.7,0.208897485,unfavor-type
76.675,16.95,0.45,0.075,2.05,3.425,0.375,0.221062928,favor-type
75.2,20.625,0.625,0.05,1.1,1.4,1,0.274268617,favor-type
75.425,18.1,0.725,0.075,1.6,2.75,1.325,0.239973484,favor-type
74.825,20.7,0.375,0.05,1.1,1.425,1.525,0.276645506,favor-type
79.275,15.55,1.025,0.05,1.925,1.35,0.825,0.196152633,unfavor-type
72.7,21.7,1,0.1,2.525,1.4,0.575,0.298486933,unfavor-type
72.15,21.275,0.85,0.075,2.3,2.3,1.05,0.294871795,favor-type
71.875,22.15,0.525,0.175,2.025,2.35,0.9,0.308173913,unfavor-type
72.875,20.125,1.1,0.15,2.75,2.375,0.625,0.276157804,favor-type
75.7,19.475,0.425,0.05,1.1,2.475,0.775,0.257265522,favor-type
73.825,20.85,0.55,0,1.775,2.3,0.7,0.282424653,unfavor-type
72.775,21.975,0.65,0,2.5,1.675,0.425,0.30195809,unfavor-type
74.225,19,0.9,0.1,1.95,3.2,0.625,0.255978444,favor-type
79.825,15.625,0.375,0.05,0.9,2.425,0.8,0.195740683,unfavor-type
78.375,16.2,0.775,0.175,1.725,1.925,0.825,0.206698565,unfavor-type
75.55,18.025,0.95,0.325,2.1,2.65,0.4,0.238583719,unfavor-type
79.4,15.675,1.075,0,1.375,1.6,0.875,0.197418136,unfavor-type
77.65,17.5,0.775,0.025,1.225,2.1,0.725,0.225370251,unfavor-type
76.65,18.075,1.075,0.15,1.375,1.8,0.875,0.235812133,favor-type
75.075,20.275,0.5,0.075,1.4,1.975,0.7,0.27006327,favor-type
73.75,20.575,0.5,0.4,2.15,2.125,0.5,0.278983051,favor-type
76.775,17.575,0.525,0,1.95,2.85,0.325,0.228915663,favor-type
76.425,17.775,0.45,0.175,1.375,3.35,0.45,0.232580962,unfavor-type
76.1,17.75,0.375,0.125,2.35,2.875,0.425,0.233245729,unfavor-type
76.975,18.675,0.725,0,1.45,1.175,1,0.242611237,unfavor-type
75.625,17.4,0.7,0.075,2,3.025,1.175,0.230082645,unfavor-type
73.6,20.6,0.575,0.025,2.05,2.375,0.775,0.279891304,favor-type
78.975,16.5,0.475,0.1,1.35,2.15,0.45,0.208926876,favor-type
73.25,21.325,0.75,0.075,1.6,1.6,1.4,0.29112628,favor-type
77.725,18.55,0.6,0,0.85,1.5,0.775,0.238661949,favor-type
78.925,16.9,0.675,0,2.15,1.125,0.225,0.214127336,unfavor-type
81.525,14.2,0.475,0,2.275,0.85,0.675,0.174179699,unfavor-type
73.125,21.175,0.575,0.175,2.325,1.95,0.675,0.28957265,unfavor-type
74.8,19.925,0.275,0,2.15,2.15,0.7,0.266377005,unfavor-type
72.925,19.925,0.875,0.05,2.75,2.95,0.525,0.273225917,favor-type
79.475,15.525,0.55,0,1.075,2.4,0.975,0.195344448,unfavor-type
77.8,16.55,0.775,0.25,1.35,2.125,1.15,0.212724936,favor-type
81.6,14.725,0.2,0.325,0.5,1.7,0.95,0.180453431,unfavor-type
76.45,17.8,0.425,0.025,2.15,2.75,0.4,0.232831916,unfavor-type
76.75,18.85,0.5,0.15,0.475,2,1.275,0.245602606,unfavor-type
77.525,16.35,1.05,0.15,1.925,2.65,0.35,0.21089971,unfavor-type
82.25,12.875,0.55,0,1.475,2.475,0.375,0.156534954,unfavor-type
73.775,19.125,0.45,0.025,2.55,3.5,0.575,0.259234158,unfavor-type
70.19760285,23.87431163,0.485908649,0,1.587301587,2.526724976,1.328150308,0.340101523,unfavor-type
78.375,14.4,0.525,0.075,2.325,3.65,0.65,0.183732057,unfavor-type
80.925,13.225,0.85,0.075,1.375,3.275,0.275,0.163422922,unfavor-type
74.275,21.025,0.4,0.1,1.675,1.875,0.65,0.283069674,favor-type
76.225,18.95,0.625,0.05,1.3,1.575,1.275,0.2486061,favor-type
74.6,19.45,0.525,0.125,2.325,2.525,0.45,0.260723861,favor-type
76.125,18.2,1.1,0.1,2.225,1.95,0.3,0.23908046,favor-type
74.375,19.975,0.45,0.05,2.075,2.35,0.725,0.268571429,favor-type
76.075,18.475,0.7,0.075,2.2,2.225,0.25,0.242852448,favor-type
77.075,17.125,0.875,0.1,1.95,2.225,0.65,0.222186182,favor-type
73.55,21.075,0.35,0.1,2.625,2,0.3,0.286539769,favor-type
75.575,18.875,0.65,0.125,2.15,2.225,0.4,0.249751902,favor-type
82.15,12.725,0.225,0.175,1.5,2.675,0.55,0.154899574,unfavor-type
74.5,19.35,0.6,0.1,2.35,2.825,0.275,0.259731544,favor-type
74.825,17.95,1.05,0.25,3.25,2.125,0.55,0.239893084,favor-type
76.65,18.15,0.775,0.05,1.3,2.15,0.925,0.236790607,favor-type
75.925,18.8,0.975,0.175,1.675,2.1,0.35,0.247612776,favor-type
75.775,18.675,0.625,0.125,2.025,2.3,0.475,0.246453316,favor-type
73.1,19.2,0.75,0.125,3.2,3.075,0.55,0.262653899,favor-type
77.1,16.675,0.75,0.05,2.65,2.25,0.525,0.216277562,favor-type
75.65,20.175,0.55,0.05,1.5,1.6,0.475,0.266688698,favor-type
75.975,18.525,0.775,0.075,1.4,2.225,1.025,0.243830207,unfavor-type
74.65,19.875,0.65,0.05,1.425,2.375,0.975,0.266242465,unfavor-type
75.525,19.275,0.425,0.125,1.675,1.575,1.4,0.255213505,favor-type
76.3,18.625,0.675,0,1.9,1.375,1.125,0.244102228,favor-type
76.6,17.625,0.625,0.025,1.5,2.35,1.275,0.230091384,favor-type
77.675,16.65,0.575,0.05,1.475,2.225,1.35,0.214354683,favor-type
75.725,18.475,0.625,0.05,2.075,2.275,0.775,0.243974909,favor-type
74.4,20.35,0.525,0.025,2.225,2.025,0.45,0.273521505,favor-type
72,21.825,0.875,0.225,2.475,1.925,0.675,0.303125,unfavor-type
76.05,18.375,0.675,0.075,1.725,2.175,0.925,0.241617357,unfavor-type
76.05,18.975,0.625,0.1,1.5,2.15,0.6,0.249506903,favor-type
74.75,20.4,0.825,0.025,1.4,1.9,0.7,0.272909699,favor-type
76.8,17.175,0.675,0.05,1.525,2.7,1.075,0.223632813,favor-type
75.625,18.825,1.15,0.1,1.825,1.95,0.525,0.24892562,favor-type
78.925,16.325,0.65,0.025,1.35,1.95,0.775,0.206841939,favor-type
74.85,19.475,1.1,0.075,1.775,1.725,1,0.260187041,unfavor-type
80.3,15.125,0.45,0.075,1.45,1.975,0.625,0.188356164,unfavor-type
75.5,19.575,0.575,0.05,1.375,1.8,1.125,0.259271523,favor-type
74.95,19.375,0.925,0.05,1.825,2.575,0.3,0.25850567,favor-type
76.2,18.175,0.625,0.025,1.7,2.525,0.75,0.23851706,favor-type
76.225,18.55,0.95,0,1.575,1.775,0.925,0.243358478,favor-type
74.35,19.25,0.925,0.125,1.9,2.725,0.725,0.258910558,unfavor-type
83.275,13.6,0.575,0.1,0.775,1,0.675,0.16331432,unfavor-type
76.525,17.875,0.25,0.025,2.825,2.2,0.3,0.233583796,unfavor-type
77.175,16.425,1.05,0.075,1.725,2.85,0.7,0.212827988,unfavor-type
78.5,15.85,0.65,0.1,1.525,2.475,0.9,0.201910828,favor-type
76.1,19.1,0.875,0.05,1.125,2.325,0.425,0.250985545,unfavor-type
77.4,17.075,0.75,0.1,1.85,1.875,0.95,0.220607235,favor-type
76.35,19.15,0.35,0.025,1.475,1.8,0.85,0.250818599,favor-type
72.2,21.025,1,0.05,2.075,3.2,0.45,0.291204986,unfavor-type
66.53426018,29.99006951,0.198609732,0,0,0.49652433,2.780536246,0.450746269,unfavor-type
74.625,20.7,0.425,0,1.2,2.2,0.85,0.277386935,unfavor-type
78.825,17.375,0.4,0.05,1.375,1.2,0.775,0.220424992,favor-type
72.3,21.6,1.35,0.1,2.2,1.85,0.6,0.298755187,favor-type
75.175,19.875,0.675,0.025,1.675,1.65,0.925,0.264383106,unfavor-type
76.3,19.125,0.3,0.025,1.8,1.675,0.775,0.250655308,favor-type
74.425,19.725,0.575,0.025,2.175,2.55,0.525,0.265031911,unfavor-type
75.9,17.075,0.6,0.075,1.9,3.85,0.6,0.224967062,unfavor-type
74.375,20.875,0.875,0,1.875,1.325,0.675,0.280672269,unfavor-type
80.95,14.275,0.475,0,1.3,2.5,0.5,0.176343422,unfavor-type
78.15,18.15,0.3,0.1,1.15,1.475,0.675,0.232245681,unfavor-type
79.15,16.625,0.575,0.075,1.175,1.2,1.2,0.21004422,favor-type
76.9,19.2,0.45,0.025,1.025,1.65,0.75,0.249674902,unfavor-type
76.275,18.325,0.475,0.125,1.6,2.575,0.625,0.240249099,unfavor-type
75,20.225,0.6,0.075,1.875,1.6,0.625,0.269666667,favor-type
76.55,17.8,0.825,0.075,1.825,1.9,1.025,0.23252776,unfavor-type
78.675,16.8,0.675,0.05,1.1,1.575,1.125,0.213536702,unfavor-type
92.55,6.05,0.075,0,0.45,0.725,0.15,0.06537007,unfavor-type
75.4,17.625,0.75,0.1,2.875,2,1.25,0.233753316,unfavor-type
73.175,19.55,0.975,0.275,2.15,2.9,0.975,0.267167749,favor-type
76.3,18.675,0.75,0,1.55,1.85,0.875,0.244757536,favor-type
75.825,18.775,0.7,0.075,1.1,2.525,1,0.247609627,unfavor-type
76.25,19.05,0.325,0.025,1.2,2,1.15,0.249836066,favor-type
77.36405036,19.71604608,0.160728636,0,0.214304849,1.23225288,1.312617198,0.254847645,unfavor-type
72.75,20.65,0.725,0.025,2.775,1.45,1.625,0.283848797,favor-type
76.325,18.325,1.15,0.025,1.55,2.1,0.525,0.240091713,unfavor-type
76.325,18.925,0.675,0.025,1.175,1.925,0.95,0.247952833,favor-type
74.175,20.9,0.725,0.075,1.375,2.05,0.7,0.281766094,favor-type
73.525,20.125,1.1,0.05,2.25,2.275,0.675,0.273716423,favor-type
74.425,20.55,0.6,0.025,1.9,1.725,0.775,0.276116896,favor-type
76,18.425,0.55,0,1.35,2.575,1.1,0.242434211,favor-type
76.975,16.55,0.425,0.025,2.675,2.9,0.45,0.215004872,unfavor-type
74.175,19.55,0.75,0.1,1.825,2.875,0.725,0.263565891,favor-type
75.7,17.4,1,0.15,2.1,2.875,0.775,0.22985469,unfavor-type
72.475,21.5,0.825,0.225,1.8,2.425,0.75,0.296654019,favor-type
88.525,9.125,0.025,0.05,1.075,0.625,0.575,0.103078226,unfavor-type
73.325,20.225,0.95,0.05,2.9,2.275,0.275,0.275826798,unfavor-type
78.675,17.25,0.05,0.15,2.925,0.725,0.225,0.219256435,unfavor-type
76.8,17.225,0.15,0.025,1.55,2.175,2.075,0.224283854,unfavor-type
84.05,12.775,0.325,0.025,0.7,1.65,0.475,0.151992861,unfavor-type
76.75,17.95,0.475,0,1.225,2.65,0.95,0.233876221,unfavor-type
89.95,8.25,0.45,0,0.375,0.675,0.3,0.091717621,unfavor-type
79.85,15.25,1.15,0.025,1.65,1.65,0.425,0.190983093,unfavor-type
74.825,19.875,0.675,0.05,2.125,1.85,0.6,0.265619779,unfavor-type
76.6,17.4,1.225,0.05,1.8,2.7,0.225,0.227154047,unfavor-type
75.025,18.825,0.5,0.1,2.425,2.55,0.575,0.250916361,unfavor-type
72.5,21.45,0.975,0.025,2.75,1.975,0.325,0.295862069,unfavor-type
78.575,15.925,0.825,0,1.325,2.475,0.875,0.202672606,unfavor-type
76.825,19.35,0.65,0.025,1.425,1.375,0.35,0.251871136,favor-type
79,14.075,2.275,0.025,1.75,2.525,0.35,0.178164557,unfavor-type
78.425,13.7,2.325,0.025,2.375,2.9,0.25,0.174689193,unfavor-type
79.225,14.95,0.75,0,2.225,1.875,0.975,0.188703061,unfavor-type
77.8,17.55,0.5,0.025,1.375,1.925,0.825,0.225578406,favor-type
75.65,19.775,0.475,0.125,1.95,1.675,0.35,0.26140119,unfavor-type
74.175,20.65,0.9,0,1.5,2.225,0.55,0.278395686,favor-type
75.8,19,0.65,0,1.55,2.45,0.55,0.250659631,favor-type
75.075,19.075,0.725,0.025,1.775,2.675,0.65,0.254079254,favor-type
71.35,23.125,0.775,0.05,2.025,1.7,0.975,0.324106517,favor-type
71.9,22.35,0.95,0.075,2.325,1.65,0.75,0.310848401,favor-type
72.25,22.1,1.075,0.1,1.8,2.125,0.55,0.305882353,favor-type
77.875,16.65,0.7,0.125,1.4,1.8,1.45,0.213804173,unfavor-type
74.85,20.2,0.65,0.1,1.65,1.8,0.75,0.269873079,favor-type
72.125,20.95,0.775,0.2,1.925,2.55,1.475,0.290467938,favor-type
76,17.95,0.175,0.475,1.975,2.85,0.575,0.236184211,unfavor-type
74.825,18.275,0.25,0.225,1.95,3.775,0.7,0.244236552,unfavor-type
78.75,15.425,0.35,0.425,1.45,3,0.6,0.195873016,unfavor-type
74.775,19.625,0.4,0.025,1.975,2,1.2,0.262454029,favor-type
75.525,19.175,0.725,0.1,1.1,2,1.375,0.253889441,favor-type
80.25,14.925,0.45,0.075,1.275,2.35,0.675,0.185981308,unfavor-type
74.325,18.725,0.8,0.025,2.375,2.725,1.025,0.251934073,unfavor-type
74.85,19.1,0.875,0.1,1.7,2.275,1.1,0.255177021,unfavor-type
79.2,15.025,1.45,0.075,2.5,1.4,0.35,0.189709596,unfavor-type
70.775,24.125,0.45,0.175,1.175,1.825,1.475,0.340868951,favor-type
72.85,20,0.1,0,3.025,2.675,1.35,0.274536719,unfavor-type
78.125,15.3,0.375,0.05,2.35,2.575,1.225,0.19584,unfavor-type
76.4,17.375,0.225,0.15,2.1,2.45,1.3,0.227421466,unfavor-type
74.05,18.675,1,0.075,2.825,2.675,0.7,0.252194463,favor-type
73.075,20.075,0.775,0.075,3.2,2.575,0.225,0.274717756,unfavor-type
78.425,16.7,0.575,0.3,1.45,2.025,0.525,0.212942302,unfavor-type
75.7,18.75,0.675,0.15,1.825,1.775,1.125,0.247688243,favor-type
74.4,19.525,0.5,0.325,1.775,2.5,0.975,0.262432796,favor-type
73.7,20.9,0.725,0.1,1.65,1.925,1,0.28358209,favor-type
76.325,17.275,0.575,0.15,1.925,2.85,0.9,0.226334753,favor-type
71.4,23.15,0.875,0.025,1.75,2.2,0.6,0.324229692,favor-type
73.525,21.175,0.625,0,1.65,2.525,0.5,0.28799728,unfavor-type
75.2,18.625,1.3,0.225,1.925,1.875,0.85,0.247672872,favor-type
76.875,16,0.875,0.05,2.575,2.85,0.775,0.208130081,unfavor-type
76.425,18.5,0.5,0.05,1.775,1.4,1.35,0.242067386,favor-type
74.075,20.45,1.175,0.05,1.825,1.375,1.05,0.276071549,favor-type
74.05,20.375,1.2,0.05,0.925,2.625,0.775,0.275151924,favor-type
79.575,16.475,0.425,0.025,1.25,1.425,0.825,0.207037386,unfavor-type
73.15,22.975,0.425,0,0.775,1.7,0.975,0.314080656,favor-type
74.4,19.925,0.85,0,1.3,2.65,0.875,0.26780914,favor-type
77.325,17.025,0.675,0.025,2.325,2.15,0.475,0.220174588,unfavor-type
72.975,20.425,0.875,0.25,2.25,2.075,1.15,0.279890373,unfavor-type
74,21.725,0.125,0,1.7,1.975,0.475,0.293581081,favor-type
78.95,15.4,0.4,0,1.95,2.85,0.45,0.195060165,unfavor-type
73.075,20.875,0.7,0.025,2.15,2.2,0.975,0.285665412,favor-type
78.6,15.875,0.675,0.025,1.675,2.725,0.425,0.20197201,unfavor-type
76.4,18.625,0.75,0,0.675,3.05,0.5,0.243782723,favor-type
76.025,19.225,0.825,0.05,1.625,1.725,0.525,0.252877343,unfavor-type
75.925,16.525,0.725,0,4.35,1.95,0.525,0.217648996,unfavor-type
77.225,16.45,0.85,0.075,1.925,3.325,0.15,0.21301392,unfavor-type
73.925,20.625,2,0.15,0.975,1.35,0.975,0.278998985,unfavor-type
74.2,20.85,0.65,0.025,2.025,1.825,0.425,0.280997305,unfavor-type
72.775,21.8,0.35,0.225,2.225,1.475,1.15,0.299553418,favor-type
81.475,12.5,0.725,0,2.125,2.325,0.85,0.153421295,unfavor-type
75.175,18.4,0.5,0,1.925,2.925,1.075,0.244762221,favor-type
74.075,18.625,0.95,0.225,3.125,2.7,0.3,0.251434357,unfavor-type
76.35,17.825,0.875,0.025,3.2,1.25,0.475,0.233464309,favor-type
76.225,17.575,0.875,0.05,3.05,1.65,0.575,0.230567399,favor-type
75.325,18.575,0.85,0.05,2.7,1.775,0.725,0.246598075,favor-type
79.775,16.125,0.35,0,0.775,2.5,0.475,0.202130993,unfavor-type
77.775,15.625,0.525,0.275,1.85,2.9,1.05,0.200900032,unfavor-type
78.025,16.55,0.525,0.1,1.4,2.75,0.65,0.212111503,unfavor-type
79.175,15.1,0.375,0.05,2.475,2.25,0.575,0.190716767,unfavor-type
71.9,21.475,2.275,0.15,2.475,1.3,0.425,0.29867872,unfavor-type
71.725,21.725,0.825,0.025,2.525,2.525,0.65,0.302892994,unfavor-type
77.1,17.375,0.8,0.05,1.9,1.45,1.325,0.22535668,unfavor-type
75.425,17.95,1.775,0.025,2.175,1.775,0.875,0.237984753,unfavor-type
75.925,18.1,0.65,0.15,1.625,3.05,0.5,0.238393151,unfavor-type
71.775,24.05,0.05,0,1.35,2.7,0.075,0.335074887,unfavor-type
75.275,19,0.525,0.025,1.775,2.625,0.775,0.252407838,unfavor-type
77.075,18.2,0.425,0.05,1.575,1.925,0.75,0.236133636,unfavor-type
76.775,17.7,1,0.075,1.375,2.325,0.75,0.230543797,unfavor-type
74.425,20.725,0.5,0.1,1.675,1.825,0.75,0.278468257,favor-type
72.725,19.35,0.4,0.025,2.125,3.5,1.875,0.266070815,unfavor-type
70.625,24.9,0.375,0.075,1.525,2.075,0.425,0.352566372,unfavor-type
75.4,17.85,1.725,0.075,1.775,1.675,1.5,0.236737401,unfavor-type
75.3,20.5,0.35,0.125,0.65,1.825,1.25,0.272244356,unfavor-type
75.025,19.675,1.35,0,1.975,1.475,0.5,0.262245918,favor-type
81.25,15.625,0.275,0,2,0.675,0.175,0.192307692,unfavor-type
69.075,24.9,0.925,0.05,2.4,2,0.65,0.360477742,unfavor-type
75.225,18.175,0.85,0.15,2.45,2.55,0.6,0.241608508,favor-type
88.725,8.5,0.35,0.1,0.9,1.175,0.25,0.095801634,favor-type
76.375,18.425,0.825,0,1.875,1.925,0.575,0.241243863,unfavor-type
81.175,14.5,1.025,0,1.7,1.225,0.375,0.178626424,unfavor-type
73.075,21.375,0.55,0.025,3.45,1.25,0.275,0.292507698,unfavor-type
80.3,14.275,0.3,0.375,2.05,2.475,0.225,0.177770859,unfavor-type
78.2,16.35,0.35,0.05,1.85,2.05,1.15,0.209079284,unfavor-type
78.675,15.275,1.15,0.075,2,2.325,0.5,0.194153162,unfavor-type
79.075,16.225,0.425,0.05,2.575,1.5,0.15,0.205184951,unfavor-type
74.5,19.425,0.8,0.05,1.7,2.75,0.775,0.260738255,favor-type
76.075,17.625,1.025,0.025,1.725,2.425,1.1,0.231679264,favor-type
75.2,19.775,0.425,0.1,1.425,2.15,0.925,0.262965426,favor-type
73.2,20.3,1.9,0.025,1.475,1.875,1.225,0.277322404,unfavor-type
71.325,22.175,1.2,0.075,1.975,2.3,0.95,0.310900806,unfavor-type
78.225,16,0.425,0,1.975,1.95,1.425,0.204538191,unfavor-type
78.575,15.625,0.65,0.025,0.975,3.6,0.55,0.198854598,unfavor-type
78.9,16.075,0.55,0,1.425,2.25,0.8,0.20373891,unfavor-type
80.95,12.85,1.25,0.05,2.025,2.7,0.175,0.158739963,unfavor-type
78.4,15,0.65,0.6,2.375,2.725,0.25,0.191326531,unfavor-type
71.8,22.75,0.975,0,1.65,2,0.825,0.316852368,unfavor-type
78.025,17.125,0.625,0.2,1.325,1.6,1.1,0.219480936,unfavor-type
73.7,20.275,0.65,0.05,1.775,2.775,0.775,0.275101764,favor-type
73.85,21.65,0.275,0.05,1.575,2.15,0.45,0.293161814,favor-type
74.925,19.275,0.375,0.025,2.325,2.175,0.9,0.257257257,favor-type
73.575,20.225,0.875,0.05,2.625,2.4,0.25,0.274889568,unfavor-type
72.925,20.05,0.975,0.025,2.675,2.45,0.9,0.274940007,unfavor-type
77,16.8,0.375,0.125,2.125,2.45,1.125,0.218181818,favor-type
76.15,18.65,0.625,0.15,1.375,2.125,0.925,0.244911359,favor-type
72.35,22.075,0.5,0.1,0.85,1.25,2.875,0.305114029,favor-type
72.6,21.25,0.775,0.05,2.225,2.6,0.5,0.292699725,favor-type
74.125,21.525,0.375,0.025,1.375,1.75,0.825,0.290387858,favor-type
73.925,21.075,0.525,0.1,1.4,2.425,0.55,0.285086236,favor-type
76.375,17.925,0.75,0.15,1.725,2.05,1.025,0.234697218,unfavor-type
75.575,19.925,0.75,0.125,1.45,1.9,0.275,0.263645385,favor-type
76,19.175,0.65,0.175,1.2,2.375,0.425,0.252302632,unfavor-type
76.925,18.75,0.725,0.05,1.425,1.675,0.45,0.243743906,unfavor-type
72.175,22.65,0.275,0.025,2.325,1.725,0.825,0.313820575,favor-type
74.975,19.325,0.4,0,2.45,2.3,0.55,0.257752584,unfavor-type
77.75,17.125,0.325,0.025,2.075,2,0.7,0.220257235,unfavor-type
77.825,17.05,0.35,0.025,1.85,2.175,0.725,0.219081272,favor-type
78.75,16.675,0.375,0,1.5,1.85,0.85,0.211746032,unfavor-type
76.225,18.625,0.65,0.15,1.95,2.1,0.3,0.244342407,favor-type
76.325,18.625,0.725,0.075,1.75,2,0.5,0.244022273,favor-type
75.2,19.2,1.075,0.125,2.475,1.325,0.6,0.255319149,favor-type
76.7,18.075,0.225,0.075,2.35,2,0.575,0.235658409,favor-type
74.75,18.45,0.75,0.025,2.65,2.7,0.675,0.246822742,favor-type
74.5,19.075,0.6,0.125,2.45,2.525,0.725,0.256040268,favor-type
73.275,20.65,0.975,0.025,2.55,1.75,0.775,0.28181508,favor-type
73.175,21.025,0.525,0.1,2.975,1.9,0.3,0.287324906,favor-type
74.725,20.25,0.225,0.075,2.575,1.675,0.475,0.270993643,favor-type
73.375,20.25,0.975,0.05,1.825,2.225,1.3,0.275979557,favor-type
74.65,19.775,0.75,0.2,2.025,2.125,0.475,0.26490288,unfavor-type
76.525,18.075,0.725,0.225,1.8,2.1,0.55,0.236197321,favor-type
77.2,16.85,1.225,0,1.65,2.275,0.8,0.218264249,unfavor-type
76.7,17.2,0.7,0.125,2.325,2.55,0.4,0.224250326,unfavor-type
78.725,15.375,0.85,0.3,1.8,2.5,0.45,0.195300095,unfavor-type
75.2,19.4,0.625,0.1,1.275,2.1,1.3,0.257978723,favor-type
69.65,20.575,0.775,0,2.35,4.325,2.325,0.295405599,unfavor-type
73.675,20.375,0.825,0.05,1.65,2.45,0.975,0.276552426,unfavor-type
72.275,21.125,0.475,0.05,1.55,3.525,1,0.292286406,unfavor-type
75.8,18.4,0.675,0,2.175,2.4,0.55,0.242744063,unfavor-type
76.5,18.35,0.8,0.05,1.8,1.675,0.825,0.239869281,favor-type
75.3,18.225,1.1,0.125,1.95,2.4,0.9,0.242031873,unfavor-type
75.15,18.875,0.575,0.075,2.325,2.275,0.725,0.251164338,favor-type
74.5,19.325,0.5,0,1.825,3.2,0.65,0.259395973,favor-type
74.075,20.875,0.625,0.05,1.525,2.425,0.425,0.281808977,favor-type
72.5,21.7,0.475,0.25,2.4,2.2,0.475,0.299310345,unfavor-type
76.125,17.925,0.9,0.075,1.95,2.5,0.525,0.23546798,unfavor-type
71.725,23.225,0.575,0.075,2.2,1.575,0.625,0.323806204,unfavor-type
72.65,22.65,0.85,0.1,1.475,1.375,0.9,0.311768754,favor-type
78.325,16.675,0.775,0.05,1.6,2.275,0.3,0.212894989,unfavor-type
79.975,15.175,0.675,0.075,1.2,2.375,0.525,0.189746796,unfavor-type
78.475,17.35,0.225,0,1.575,1.65,0.725,0.221089519,favor-type
76.525,17.175,0.575,0.125,2.575,2.325,0.7,0.224436459,unfavor-type
76.325,19.475,0.425,0.125,1.275,1.825,0.55,0.25515886,favor-type
76.325,18.3,0.475,0.05,1.975,2.4,0.475,0.239764166,favor-type
79.825,16.175,0.525,0.1,1.75,1.35,0.275,0.202630755,unfavor-type
75.1,20.925,0.5,0,1.275,1.5,0.7,0.278628495,favor-type
74.175,20.625,0.5,0.025,1.95,2.175,0.55,0.278058645,unfavor-type
74.3,20.35,0.525,0.05,2.075,2.15,0.55,0.273889637,unfavor-type
77.8,17.175,0.275,0.15,1.575,2.275,0.75,0.220758355,unfavor-type
78.425,16.525,0.475,0.15,1.85,2.15,0.425,0.21071087,unfavor-type
71.475,23.875,0.725,0.025,1.8,1.7,0.4,0.334032879,favor-type
73.825,21.55,0.475,0.025,1.875,1.575,0.675,0.291906536,unfavor-type
77.65,17.225,0.325,0,2.6,2,0.2,0.221828719,unfavor-type
76.95,18.25,0.475,0,2.4,1.45,0.475,0.237166992,unfavor-type
84.225,12.1,0.5,0.425,0.55,1.725,0.475,0.143662808,unfavor-type
78.525,16.15,0.5,0.075,1.575,2.575,0.6,0.205666985,unfavor-type
81.45,13.75,0.65,0,1.375,2.525,0.25,0.168815224,unfavor-type
75.175,18.425,0.55,0,2.3,2.65,0.9,0.245094779,unfavor-type
72.725,19.975,0.5,0.05,4.9,1.175,0.675,0.274664833,favor-type
92.875,5.3,0.225,0.025,0.6,0.775,0.2,0.057065949,unfavor-type
78.9,16.1,0.65,0.025,1.375,2.6,0.35,0.204055767,favor-type
80.325,15.85,0.275,0.025,1.675,1.35,0.5,0.197323374,favor-type
72.325,21.25,1.075,0.05,2.125,2.475,0.7,0.293812651,favor-type
75.6,18.7,0.95,0.05,1.55,2.2,0.95,0.247354497,favor-type
69.1,26.05,1.375,0,1.8,1.475,0.2,0.37698987,unfavor-type
88.1,9.375,0.25,0,1.325,0.65,0.3,0.106413167,unfavor-type
80.45,14.975,0.775,0.2,1.15,1.8,0.65,0.18614046,unfavor-type
70.6,23.525,1.375,0.075,2.2,1.625,0.6,0.333215297,favor-type
74.5,19.075,0.675,0.175,1.95,1.325,2.3,0.256040268,favor-type
82.575,13.25,0.6,0.125,1.5,1.3,0.65,0.160460188,unfavor-type
76.55,18.7,0.425,0.075,1.475,2.275,0.5,0.244284781,favor-type
74.9,20.025,0.7,0.025,1.4,2.125,0.825,0.267356475,favor-type
71.2,24.35,1.05,0,1.55,1.45,0.4,0.341994382,favor-type
73.475,21.625,0.375,0.175,1.25,1.65,1.45,0.294317795,favor-type
77.8,16.6,0.75,0.05,1.8,2.3,0.7,0.213367609,unfavor-type
80,16.1,0.325,0.075,1.15,1.325,1.025,0.20125,unfavor-type
75.825,19.175,1,0.125,1.725,1.6,0.55,0.252884932,favor-type
75.55,18.5,0.475,0.025,2.275,2.15,1.025,0.244870946,unfavor-type
76.325,17.8,1.15,0.125,1.675,2.15,0.775,0.233213233,favor-type
76.25,16.075,0.85,0,2.45,3,1.375,0.210819672,unfavor-type
84.05,11.45,0.25,0.025,1.25,2.625,0.35,0.136228435,unfavor-type
75.775,19.7,0.225,0,2.05,1.85,0.4,0.259980205,favor-type
76.125,19.5,0.375,0.05,1.225,1.775,0.95,0.256157635,favor-type
75.3,18.675,0.975,0.2,1.75,2.45,0.65,0.248007968,favor-type
75.65,18.8,0.95,0.025,1.55,1.95,1.075,0.248512888,favor-type
75.375,19.6,0.8,0.15,1.975,1.375,0.725,0.260033167,favor-type
81.35,13.1,0.65,0.05,2.45,1.825,0.575,0.161032575,unfavor-type
77.375,18.1,0.25,0,1.85,1.75,0.675,0.233925687,favor-type
72.7,23.725,0.5,0.025,0.45,1.375,1.225,0.326341128,favor-type
80.1,15.475,0.125,0.025,1.4,2.275,0.6,0.193196005,unfavor-type
70.75,21.725,0.7,0.05,3.675,2.425,0.675,0.307067138,unfavor-type
73.925,21.7,0.3,0.025,2.15,1.625,0.275,0.293540751,favor-type
91.4,6.1,0.525,0,0.55,0.9,0.525,0.066739606,unfavor-type
75.2,20.3,1.25,0.075,1,1.05,1.125,0.269946809,unfavor-type
75.175,19.775,0.475,0.1,2.2,1.75,0.525,0.263052877,favor-type
76.85,18.25,0.925,0.125,1.25,1.875,0.725,0.237475602,favor-type
76.3,21.15,0.2,0,0.825,1.075,0.45,0.277195282,unfavor-type
72.7,20.7,0.8,0.15,2.65,2.275,0.725,0.284731774,favor-type
71.125,20.8,0.975,0.1,3.4,2.625,0.975,0.292442882,favor-type
74.6,19.225,0.55,0.05,2.575,2.25,0.75,0.257707775,favor-type
76.75,17.025,0.725,0.025,1.975,2.55,0.95,0.221824104,favor-type
73.6,19.2,1.2,0.025,3.075,2.075,0.825,0.260869565,favor-type
75.6,18.375,0.55,0.05,2,2.95,0.475,0.243055556,favor-type
72.275,22.3,0.875,0.075,1.625,2.55,0.3,0.308543756,unfavor-type
75.75,19.3,1.225,0.1,1.4,1.975,0.25,0.254785479,favor-type
74.125,18.5,0.75,0.125,2.1,3.45,0.95,0.249578415,unfavor-type
71.375,21.4,1.475,0.325,2.45,2.825,0.15,0.299824869,unfavor-type
73.625,19.625,0.95,0.1,2.675,2.25,0.775,0.26655348,favor-type
77.125,16.425,0.65,0.25,1.525,3.675,0.35,0.212965964,unfavor-type
72.575,22.925,0.5,0.05,1.5,1.95,0.5,0.315880124,favor-type
75,19.575,0.65,0,2.225,2.15,0.4,0.261,favor-type
78.475,16.225,0.85,0.05,1.45,1.95,1,0.206753743,unfavor-type
77.65,17.975,0.825,0.175,1.2,1.775,0.4,0.231487444,favor-type
73.925,18.875,0.525,0.05,3.225,2.975,0.425,0.255326344,unfavor-type
79.95,15.825,0.4,0.05,1.225,2.15,0.4,0.19793621,favor-type
73.7,19.05,0.975,0.025,2.05,2.45,1.75,0.258480326,favor-type
75.8,19.025,0.425,0.075,2.35,1.675,0.65,0.250989446,unfavor-type
78.225,16.775,0.525,0,1.65,2.025,0.8,0.21444551,favor-type
72.7,20.075,0.8,0.05,2.15,3.075,1.15,0.276134801,unfavor-type
75.525,18.375,0.85,0.15,2.075,1.8,1.225,0.243296922,favor-type
78.125,16.55,0.575,0.05,1.25,2.725,0.725,0.21184,unfavor-type
79.775,14.725,0.6,0.075,1.575,1.675,1.575,0.184581636,unfavor-type
76.95,17.375,0.55,0.175,1.95,1.8,1.2,0.225795971,favor-type
76.225,18.75,0.425,0,1.625,2.325,0.65,0.245982289,favor-type
75.45,18.975,0.575,0,1.7,2.55,0.75,0.251491054,favor-type
72.85,23.35,0.75,0.075,0.95,1.325,0.7,0.32052162,favor-type
79.9,15.375,1.225,0.025,1.325,1.075,1.075,0.192428035,unfavor-type
75.05,19.7,0.6,0.025,1.9,1.65,1.075,0.262491672,favor-type
75.325,19.3,0.625,0.15,1.2,2.825,0.575,0.256223034,favor-type
71.825,23.525,0.5,0.025,1.85,1.775,0.5,0.327532196,unfavor-type
76.275,18.85,0.55,0.025,1.65,1.825,0.825,0.247132088,favor-type
89.025,8.5,0.2,0,0.55,1.45,0.275,0.095478798,unfavor-type
76.275,16.925,0.925,0.025,3.15,2.35,0.35,0.221894461,unfavor-type
74.15,20.65,0.5,0.025,1.9,2.125,0.65,0.278489548,favor-type
81.325,14.75,0.475,0.025,1.4,1.25,0.775,0.181371042,favor-type
76.175,19.325,0.325,0.025,1.55,2.1,0.5,0.253692156,unfavor-type
82.075,13.075,0.625,0.125,0.675,2.675,0.75,0.159305513,unfavor-type
75.475,19.85,0.625,0.125,1.7,1.775,0.45,0.263000994,favor-type
76.7,17.75,0.525,0.025,2.525,1.925,0.55,0.231421121,favor-type
