Observed,Chao1,se.chao1,ACE,se.ACE,Shannon,Simpson,InvSimpson,Fisher,Pielou,Coverage,group
521,592.8811881,17.16864575,599.2104171,10.35222763,4.989672934,0.97429925,38.90937035,159.8713738,0.797613859,0.96975,favor-type
452,512.164557,15.95849948,513.5782839,9.673527145,4.768254952,0.967732875,30.99129532,130.9633122,0.779931768,0.9755,favor-type
426,518.04,22.205902,530.2829752,11.3645833,4.858213134,0.9699735,33.30391488,120.6500921,0.802421637,0.9705,favor-type
479,580.2613636,22.90945971,577.0300633,10.56962564,4.43595941,0.9387135,16.31680713,142.007819,0.718758038,0.9665,unfavor-type
491,554.2903226,15.94544039,560.4801701,9.98074943,4.826210083,0.96803725,31.28641935,147.0265045,0.778867683,0.97275,favor-type
477,549.2727273,18.39053353,545.7749026,10.12215902,4.959357568,0.97464625,39.44189716,141.1779681,0.804109332,0.9735,favor-type
454,550.1923077,22.7304311,557.7246987,11.41439214,4.902588229,0.97760425,44.65132894,131.7697064,0.801325652,0.96925,unfavor-type
527,630.5185185,23.8004685,614.5236368,10.86081079,5.199441388,0.98194,55.3709856,162.4917259,0.829627415,0.9675,unfavor-type
511,569.0088496,14.33861361,590.7623531,10.75634711,5.168739835,0.981688,54.60899956,155.5422643,0.828805888,0.97125,favor-type
429,496.3461538,17.39570752,503.8723429,10.19817751,4.741934061,0.969185875,32.45264956,121.8239872,0.78230929,0.97425,favor-type
451,553.5138889,24.36906034,547.2904335,10.92505138,4.804778619,0.973948375,38.38532145,130.5608167,0.786190673,0.9695,unfavor-type
456,499.575,12.59053471,504.7998201,9.389424218,4.92228643,0.97534475,40.55931293,132.577972,0.803967695,0.979,unfavor-type
456,527.9589041,18.57367512,526.6038794,10.21180821,4.925507013,0.974334,38.96205096,132.577972,0.80449372,0.97425,unfavor-type
462,553.369863,22.23835471,551.5764623,10.87705931,4.865787635,0.971626,35.24353281,135.0140059,0.793046398,0.971,unfavor-type
493,548.5,13.97344748,567.9219533,10.36115306,4.867640006,0.970179375,33.53383774,147.8695587,0.785038756,0.97225,favor-type
469,574.2763158,24.51589755,567.9625337,11.06856251,4.824267949,0.97038775,33.7698081,137.8773739,0.784356937,0.96825,favor-type
493,575.9325843,19.66489595,574.6046101,10.84333476,4.910659149,0.9732035,37.3183065,147.8695587,0.791976757,0.9695,favor-type
496,583.5,20.41135284,589.3292026,11.10115228,4.95771402,0.974621875,39.40401428,149.1376852,0.798784077,0.9685,favor-type
364,483.7857143,27.69021973,503.25824,12.09106519,4.340594804,0.964559125,28.21600765,97.32544794,0.736049101,0.9675,unfavor-type
452,586.2,32.41979326,546.6436042,10.9227715,4.957400832,0.977107125,43.6817132,130.9633122,0.810869896,0.9695,unfavor-type
408,490.5769231,20.25476219,491.7769389,9.94929878,4.005853207,0.8942835,9.459261326,113.6946003,0.666390811,0.9715,unfavor-type
440,501.1111111,16.04803316,512.3831438,10.30684813,4.877806197,0.9762765,42.15229625,126.1641438,0.801377809,0.975,unfavor-type
488,576.4782609,22.02172921,552.4994709,9.396490816,4.787550271,0.96541625,28.91531427,145.7654655,0.773393593,0.97225,favor-type
497,570.1294118,18.11140942,568.1402377,10.21823136,5.038041531,0.97778225,45.00905807,149.56134,0.811463071,0.972,unfavor-type
353,420.6515152,18.18509766,433.5618933,10.131266,4.678090114,0.976790375,43.08557333,93.37347193,0.79742872,0.97625,unfavor-type
501,606,25.20581403,577.5154361,10.28100792,5.019564593,0.9763395,42.26453372,151.260693,0.80744453,0.97,unfavor-type
442,530.4782609,22.02171434,525.7890241,10.62912641,4.819937266,0.972805125,36.77163436,126.9593252,0.791280916,0.97225,favor-type
489,580.1818182,21.89950459,567.6805291,10.43066399,4.979905154,0.975826875,41.36825504,146.1853397,0.804201169,0.97025,unfavor-type
477,549.3707865,17.77518764,553.8993704,10.39933263,4.927710388,0.975819875,41.35627918,141.1779681,0.798978064,0.9715,unfavor-type
473,540.0879121,16.72329572,546.4777534,9.849347773,4.646861422,0.962745875,26.84266507,139.523911,0.754471416,0.97225,favor-type
354,459.06,27.46330594,445.9861013,10.31142016,4.389539075,0.9604375,25.2764613,93.73042203,0.747881584,0.97425,unfavor-type
444,588.2884615,34.9218799,538.1012516,10.66624782,4.734404577,0.97020825,33.56633967,127.7564347,0.776663522,0.96925,unfavor-type
425,518.1935484,23.57299021,506.9062298,10.46984038,4.780822769,0.9732995,37.45248216,120.2597247,0.789945858,0.973,unfavor-type
371,430.8,16.35067106,440.0795759,9.74108156,4.605840278,0.971702625,35.33896695,99.86956899,0.77851301,0.977,unfavor-type
427,512.5128205,20.7943299,525.3140693,10.99058746,4.821208707,0.977072375,43.61550749,121.0409249,0.796001425,0.971,unfavor-type
508,576.8333333,16.59639744,588.4624952,10.72879361,5.066271956,0.9795735,48.95601302,154.2528087,0.813142933,0.97025,unfavor-type
497,583.6790123,20.80806327,572.4026964,10.07908997,4.924127113,0.972990375,37.02383872,149.56134,0.793115199,0.97025,unfavor-type
434,498.2352941,16.45922899,508.8780092,9.790753733,4.402370166,0.946208375,18.59025452,123.7897941,0.724903323,0.97375,unfavor-type
490,568.8876404,18.94686538,566.0798646,10.06725575,4.819519907,0.97056325,33.97114152,146.605686,0.778043993,0.97025,unfavor-type
509,578.4791667,16.94545348,581.0677943,10.35364705,5.053761682,0.9779415,45.33399823,154.6821521,0.810879075,0.971,unfavor-type
491,583.7272727,22.18022296,571.3566469,10.5769156,5.026727785,0.977913625,45.27678263,147.0265045,0.811227808,0.97,unfavor-type
486,580.5616438,22.82716727,564.6512811,10.33635621,4.94577067,0.97250825,36.37454873,144.9271328,0.79948333,0.9705,unfavor-type
515,578.7765957,15.99536757,584.799823,10.35599346,5.114894108,0.978306125,46.09596027,157.2681945,0.819147564,0.9725,unfavor-type
504,583.4375,18.70022552,585.0270823,10.20902348,4.708667861,0.96246875,26.64446295,152.5401824,0.756707135,0.969,favor-type
462,553.369863,22.23835471,544.5193858,10.28150284,4.738937853,0.96529875,28.81740571,135.0140059,0.77237189,0.971,unfavor-type
451,543.6388889,22.55389073,539.7441698,10.73999875,4.785707724,0.96864275,31.89055163,130.5608167,0.783070163,0.971,unfavor-type
345,423.6206897,21.06213054,429.1925252,10.18957377,4.390399639,0.96383475,27.65085268,90.53458786,0.751324765,0.976,unfavor-type
492,566.0816327,17.67617579,571.5592424,9.951502154,4.494168553,0.943843375,17.80733796,147.4477953,0.725043798,0.96975,unfavor-type
426,526.0434783,24.19025899,523.7991559,10.97298645,4.630556877,0.955036625,22.24032337,120.6500921,0.764820095,0.9705,unfavor-type
462,558.0365854,22.41150639,559.8330719,10.68291156,4.658558714,0.9646115,28.25776735,135.0140059,0.759271362,0.9685,favor-type
428,495.7763158,17.588317,503.3938593,10.45201719,4.844778684,0.974562375,39.31184613,121.4322232,0.799584119,0.9745,unfavor-type
422,510.1298701,21.34266735,515.4340316,10.70721972,4.798359409,0.976276375,42.15207415,119.0914104,0.793772571,0.97075,unfavor-type
495,586.5697674,21.3601444,580.4757543,10.7191608,4.8741014,0.967064375,30.36225971,148.7145035,0.785567898,0.9685,unfavor-type
388,446.4457831,15.44442147,466.0228735,10.07625436,4.271179328,0.937829375,16.08476672,106.142754,0.716519963,0.97525,unfavor-type
534,620,19.83339821,620.1716848,10.53462636,4.935147264,0.971548,35.1469141,165.5705576,0.785801945,0.96775,favor-type
479,556.2916667,19.66447977,544.8913975,9.92509513,4.932205985,0.973111375,37.19044763,142.007819,0.799164818,0.9735,unfavor-type
406,513.0485437,22.95507187,549.7197874,12.26241991,2.920908408,0.69976975,3.330776962,112.9310722,0.486303141,0.96275,favor-type
447,554.35,26.53564218,527.8206131,10.50119204,4.931902571,0.97503825,40.06129378,128.9555094,0.808169638,0.9715,unfavor-type
510,583.5981308,17.23607014,596.3993734,10.46369404,4.721231345,0.956417375,22.94492358,155.1119706,0.757285901,0.9685,favor-type
491,567.3125,18.97272441,562.6165681,10.01394034,4.96304614,0.9737515,38.09741509,147.0265045,0.80095068,0.97225,unfavor-type
330,395.0222222,19.47829755,381.1975396,8.565810839,4.155268776,0.94312425,17.58218573,85.29179904,0.716537745,0.98075,unfavor-type
519,607.4831461,20.63976204,605.6918545,10.65677461,5.053319437,0.978225,45.92422503,159.0017411,0.808284889,0.9685,unfavor-type
455,547.04,22.20591135,540.0752441,10.25971386,4.625222991,0.962040625,26.34395324,132.1736052,0.755718664,0.9705,unfavor-type
468,595.2173913,29.13414858,574.4273958,11.0872556,4.896318819,0.977144875,43.75386265,137.4669137,0.796347738,0.96675,unfavor-type
482,574.7640449,21.3839915,581.3900763,11.0769812,4.715011633,0.964013625,27.78829488,143.2561264,0.763200758,0.96775,unfavor-type
483,612.1449275,29.47809588,581.4182577,10.79368568,4.799209505,0.9681055,31.35336814,143.673171,0.776569025,0.9665,favor-type
421,528.7848101,24.70710027,544.3476132,11.8736377,4.864421858,0.98307325,59.07808646,118.7029023,0.805016951,0.96725,unfavor-type
503,593.1351351,21.93226596,575.4614425,9.965730626,4.927235169,0.971226875,34.75465387,152.1132118,0.79208484,0.971,unfavor-type
455,584.0447761,29.70435164,570.0054037,11.40118623,4.848254297,0.974495,39.20799843,132.1736052,0.792159917,0.967,unfavor-type
459,554.25,22.1356458,560.2061364,10.93614444,4.661380092,0.96705,30.34901366,133.7938812,0.760538735,0.96825,unfavor-type
493,607.1304348,26.77673504,583.6514981,10.95195519,5.030671258,0.97709175,43.65239597,147.8695587,0.81133196,0.9685,unfavor-type
442,501.7761194,16.51980454,497.3204237,9.991000114,5.052097159,0.980091875,50.2307475,126.9593252,0.829394212,0.9775,unfavor-type
416,505.4776119,22.38290112,504.8435264,10.84286585,4.711913455,0.968154375,31.40148765,116.767337,0.781323059,0.9725,unfavor-type
448,537.4886364,20.87386804,549.9668185,11.08822202,4.615698049,0.965852,29.28429191,129.3561352,0.756077704,0.9685,favor-type
503,560.371134,14.70859349,568.3342689,10.11523559,5.074334713,0.97862875,46.79183482,152.1132118,0.815732041,0.9735,unfavor-type
456,545.7794118,22.35333806,532.343551,10.33004201,4.878262305,0.97606875,41.7863672,132.577972,0.796777139,0.97225,unfavor-type
429,515.0322581,19.99328678,529.603824,10.74824024,4.216874162,0.945237,18.26050436,121.8239872,0.695686568,0.96825,unfavor-type
459,554.6790123,22.41886254,552.3112548,10.5978991,4.425851527,0.94508875,18.21120444,133.7938812,0.722110502,0.96875,favor-type
467,537.1311475,19.05991766,514.6857876,8.965188528,4.768224211,0.9592505,24.54017841,137.056923,0.775784051,0.97675,favor-type
505,593.4831461,20.63975931,596.8370376,11.1347166,5.164542234,0.982191125,56.15177826,152.9676271,0.829704194,0.9685,favor-type
458,530.8,18.61079654,526.6645819,10.19006312,4.98684875,0.97801275,45.48090371,133.3881099,0.813930998,0.97375,favor-type
495,548.5172414,14.33169463,552.47252,9.847591966,5.163511158,0.981638375,54.46141069,148.7145035,0.832212602,0.97575,favor-type
470,541.9090909,17.73914096,551.5998201,10.52470759,4.876857842,0.974068375,38.56295161,138.2883036,0.792632816,0.97175,unfavor-type
475,599.0481928,27.15952369,594.5275833,11.47233211,4.928293207,0.978783375,47.13284983,140.3499991,0.79961731,0.964,unfavor-type
338,399.1578947,17.48939329,401.0348512,9.549701401,4.33163753,0.954885,22.16557686,88.07489669,0.743878308,0.979,unfavor-type
526,613.244186,20.59804953,600.9131737,10.01105051,4.991163173,0.975139875,40.22505921,162.0538064,0.796635789,0.96925,favor-type
463,558.2840909,21.88155016,566.4018676,11.14916991,4.64954273,0.9685125,31.75863438,135.4216515,0.757534946,0.9675,unfavor-type
323,486.6764706,44.14694717,419.6211788,9.933547243,3.72309082,0.866164625,7.471866089,82.88103931,0.644395095,0.9735,unfavor-type
375,510.1304348,34.37249346,469.6012494,10.24204072,4.106083914,0.924070625,13.17013343,101.3335555,0.692784741,0.972,unfavor-type
484,550.95,17.2147748,548.4353421,9.859467957,5.000010242,0.977707625,44.85838768,144.0906868,0.80879029,0.974,unfavor-type
430,508.7647059,20.23813825,508.8563805,10.64205225,4.964474978,0.97898125,47.57656854,122.2162169,0.81870891,0.974,unfavor-type
456,581.2205882,28.89432063,563.2676197,11.16326737,4.58436165,0.959779875,24.86317484,132.577972,0.748773709,0.96725,favor-type
497,595.6292135,22.39373195,597.3082143,11.36376962,5.113708085,0.982939875,58.61621764,149.56134,0.823650469,0.96675,favor-type
406,493.5454545,22.10021749,485.6264558,10.18518408,4.797867913,0.973661875,37.96777485,112.9310722,0.798798836,0.973,favor-type
520,567.4677419,12.20426135,592.5029935,10.38280344,4.983593391,0.973653,37.95498539,159.436319,0.796886762,0.97275,favor-type
410,493.0597015,21.14958699,490.4084123,10.44233057,4.799827433,0.975079625,40.12780707,114.459997,0.797822814,0.9735,unfavor-type
396,527.0869565,29.82378993,530.3809531,11.44572123,4.127651757,0.93933425,16.48376555,109.1412193,0.690079572,0.96625,favor-type
434,504.9864865,18.32408999,503.6901941,9.74059793,4.657574897,0.96352775,27.41810555,123.7897941,0.766925859,0.97425,favor-type
534,625.3258427,21.13467752,617.4800713,10.3759955,5.046602243,0.977527875,44.49957447,165.5705576,0.803548434,0.968,favor-type
505,587,19.29222151,595.0028646,11.13785096,5.13335999,0.981429375,53.84848383,152.9676271,0.824694643,0.969,unfavor-type
493,552.5670103,15.11337258,562.9559858,10.03912157,4.934186816,0.973610375,37.89367981,147.8695587,0.795771231,0.973,favor-type
426,549.5142857,28.35770196,548.6550655,11.63886747,4.458013909,0.952728375,21.15433942,120.6500921,0.736321508,0.967,favor-type
345,438.12,24.98749974,423.511056,9.79035685,4.32865354,0.951157125,20.47381527,90.53458786,0.740758216,0.97575,unfavor-type
343,419.9827586,20.72632186,422.7262674,9.853661071,3.874728146,0.883181,8.560251329,89.82951223,0.66373879,0.97625,unfavor-type
326,445.5384615,30.06610365,430.0276095,10.09065388,3.246320417,0.808803875,5.230231523,83.9114255,0.560977706,0.972,unfavor-type
441,533.2625,21.88002655,543.3879703,11.23261601,4.567419907,0.959129875,24.46774998,126.5615012,0.750104491,0.9695,favor-type
494,564.7802198,17.39447681,568.5581092,10.18408317,4.88199601,0.971286,34.82621718,148.2917947,0.787096825,0.9715,favor-type
487,571.75,20.7909291,561.2741603,10.11677284,4.88360439,0.969441125,32.72371774,145.3460632,0.789171938,0.9715,favor-type
445,558.2941176,28.98037043,516.3248028,10.19353196,4.978886705,0.9763585,42.29850052,128.1556592,0.816468687,0.973,favor-type
339,389.5081967,14.91535399,396.4000829,9.377462473,4.48934296,0.965807125,29.24585897,88.4249387,0.770570353,0.98025,unfavor-type
480,549.1184211,17.84652447,542.2948418,9.888858987,4.918304407,0.97199025,35.70185382,142.4234506,0.79664315,0.97425,favor-type
467,573.7647059,25.53194684,552.8707996,10.54657497,4.861296744,0.973642125,37.93932553,137.056923,0.790926835,0.96975,unfavor-type
490,611.09375,28.62954112,572.7832859,10.28164629,4.962376958,0.975964875,41.60577488,146.605686,0.801106264,0.96875,favor-type
456,553.8082192,23.42261174,542.7774923,10.42858252,4.681182997,0.96567875,29.13646793,132.577972,0.764587749,0.97,favor-type
383,463,21.44250555,463.997783,10.53892879,4.793810138,0.97488225,39.8124832,104.2837875,0.805948544,0.976,unfavor-type
521,603.56,19.05372306,609.3058701,10.61396763,4.92454431,0.9741495,38.6839713,159.8713738,0.787202858,0.96775,favor-type
448,534.6849315,21.36762315,532.1415167,10.60196565,4.81307118,0.971033625,34.5227872,129.3561352,0.78840855,0.97175,favor-type
540,608.8333333,16.59640178,612.1154235,10.23499132,5.080135614,0.975302875,40.49054293,168.2282467,0.807451289,0.97025,favor-type
416,511.390625,23.79556496,502.2578665,10.3299896,4.590573881,0.964232,27.95795124,116.767337,0.761202696,0.97225,unfavor-type
373,478.1754386,26.49095926,466.7006212,10.41528776,4.415721188,0.95424525,21.85565433,100.6006348,0.745700027,0.9725,unfavor-type
454,571.0491803,28.25739633,540.572151,10.59871093,4.889846844,0.976037375,41.73165503,131.7697064,0.799243079,0.97,favor-type
525,649.1666667,26.59799383,638.8723629,11.26025231,4.881764376,0.9699895,33.32167075,161.6163648,0.779411459,0.9625,favor-type
496,582.8352941,20.58565678,575.8983312,10.34545008,4.894737874,0.971453125,35.030104,149.1376852,0.788637396,0.9695,favor-type
373,450.6923077,20.26247207,453.624319,9.95460285,3.954185339,0.889656,9.062567969,100.6006348,0.667758672,0.97475,unfavor-type
487,553.039604,16.13962856,576.3002096,11.11043892,5.029684748,0.975705,41.16073266,145.3460632,0.812777969,0.971,unfavor-type
345,433.8,21.99990272,440.4547556,10.0451767,3.470989392,0.8671075,7.524879132,90.53458786,0.593986996,0.972,unfavor-type
414,511.2253521,23.48735281,517.207965,11.05733315,4.760336042,0.9736475,37.94706385,115.996365,0.789983724,0.9705,unfavor-type
173,252.1666667,24.13826873,285.8911295,10.66735788,1.725305521,0.480142875,1.923605452,36.83350282,0.334796797,0.981,unfavor-type
462,538.6351351,19.40480414,538.0002811,10.67606321,5.089762137,0.98207125,55.77633689,135.0140059,0.829550698,0.97325,unfavor-type
380,483,26.88811832,463.0169783,10.28536975,4.728474268,0.97495425,39.92693371,103.1739726,0.79601649,0.97425,unfavor-type
510,588.4615385,18.7696573,591.2359101,10.52229431,5.072678034,0.977440375,44.32697795,155.1119706,0.813657979,0.97,favor-type
480,544.7572816,15.84098597,561.9465561,10.48451097,4.834059979,0.973258875,37.39558452,142.4234506,0.782997645,0.971,favor-type
432,534.6153846,25.06741417,515.7230628,10.22531101,4.583096279,0.958863125,24.30909008,123.0020737,0.755236463,0.971,favor-type
504,576.032967,17.62063831,579.0426655,10.24658959,4.969899054,0.974994625,39.99140185,152.5401824,0.798688331,0.97125,favor-type
535,639.5,23.74595166,619.5972167,10.34048294,5.083350134,0.976324875,42.23842535,166.0123064,0.809158595,0.96675,favor-type
440,540.3,24.14495636,532.1897832,10.62682776,4.700167815,0.970326125,33.6996769,126.1641438,0.772193489,0.97025,unfavor-type
484,625.1333333,30.86497005,612.473335,12.07581147,4.968354624,0.9779175,45.28472773,144.0906868,0.803669749,0.9635,favor-type
494,559.4,16.45628999,559.1175147,9.819614463,4.819457678,0.968874625,32.12812697,148.2917947,0.77701412,0.97275,favor-type
511,590.3655914,18.83069458,593.1703588,10.77210491,4.954555252,0.9718865,35.57009977,155.5422643,0.794461454,0.9695,favor-type
497,571.0123457,18.48853349,568.2674957,10.5194702,5.113311889,0.9796405,49.11711977,149.56134,0.823586655,0.9725,unfavor-type
409,488.9333333,19.96141281,490.4518366,9.925034183,4.289647586,0.943377125,17.66070691,114.0770665,0.713310736,0.9725,unfavor-type
460,526.4936709,17.17966435,525.5003668,9.800943511,4.743966774,0.960338,25.21305027,134.2001209,0.773738628,0.97425,unfavor-type
154,235.0526316,29.7708203,210.416143,7.448026057,1.490656301,0.41835725,1.7192684,31.80219177,0.29594408,0.986,unfavor-type
492,568.6785714,18.81402957,566.047043,10.39372742,4.956720813,0.975381625,40.6200653,147.4477953,0.799667312,0.9715,unfavor-type
498,568.0123457,17.7412312,563.8927831,10.0725486,5.061250433,0.978120875,45.70566693,149.9854681,0.814937425,0.97325,unfavor-type
527,608.7522936,18.5340525,614.7700626,10.41236665,4.730756912,0.962350375,26.56068952,162.4917259,0.75484371,0.9665,favor-type
476,550.2647059,19.35943526,533.2362158,9.590522406,4.978199486,0.972424,36.26341746,140.7637484,0.807439107,0.97475,favor-type
442,545.4782609,24.82608289,528.2334309,10.01686158,4.574090868,0.961801,26.17869578,126.9593252,0.750920731,0.97,unfavor-type
506,613.3614458,24.31502106,598.937033,10.62608449,4.852257788,0.969696375,32.99935239,153.3955464,0.779286792,0.9665,favor-type
509,578.375,17.27598756,579.7165772,10.25815233,5.002782413,0.972765625,36.71830178,154.6821521,0.802699421,0.97225,favor-type
507,573.4020619,16.35447161,582.7708688,10.37721988,4.8902429,0.967570625,30.83624029,153.8239402,0.785138358,0.9715,favor-type
498,554.0571429,14.21567953,566.1920359,9.746487415,4.742009307,0.964083875,27.84264728,149.9854681,0.763534803,0.97275,favor-type
491,560.7093023,17.43223627,565.2237317,10.47083051,5.106378703,0.980264625,50.67043317,147.0265045,0.824082102,0.9725,favor-type
496,577.5316456,19.99791766,561.6747912,9.679038987,4.930225581,0.974625,39.408867,149.1376852,0.794355155,0.9715,favor-type
394,475.7894737,20.24136707,477.8538169,9.592206768,3.660176613,0.8418635,6.32365077,108.3888196,0.61244339,0.972,unfavor-type
479,558.8352941,19.33180551,561.9002256,10.55695911,4.921578901,0.976763125,43.03504667,142.007819,0.797442913,0.97075,unfavor-type
510,579.9587629,16.99003082,586.9839692,10.38499514,4.97086197,0.973491125,37.72321534,155.1119706,0.797326674,0.97075,favor-type
511,587.7,18.50576612,586.7407429,10.2370396,4.936849563,0.97165475,35.2792796,155.5422643,0.791622352,0.9705,favor-type
471,586.5542169,25.72015471,582.6616762,11.09694499,4.667763241,0.96642175,29.78118276,138.699703,0.758386817,0.96525,favor-type
506,617,23.88943218,619.4381994,11.40723916,4.647955604,0.962730375,26.83150152,153.3955464,0.746475264,0.963,favor-type
460,535.8333333,19.38490298,533.4225068,10.49585342,5.02162575,0.979443875,48.64730099,134.2001209,0.81902467,0.97375,unfavor-type
207,310.326087,27.75984252,355.662827,11.44553508,2.114434526,0.6595495,2.937284569,46.30566723,0.396502161,0.9755,unfavor-type
433,480.0689655,13.0655422,493.881808,9.84949302,4.828602345,0.972847125,36.82851263,123.3957009,0.795389714,0.97725,unfavor-type
382,482.5348837,22.91964255,501.514881,11.32503,2.880374235,0.673754,3.06517168,103.9133854,0.48446938,0.967,unfavor-type
429,544.4307692,27.46125425,547.9565837,11.79773973,4.99775561,0.982367,56.7118471,121.8239872,0.824513921,0.96925,unfavor-type
468,523.9891304,14.62336254,533.3860905,10.03950849,4.755801438,0.95879,24.26595487,137.4669137,0.773493691,0.9745,unfavor-type
435,527.0142857,22.60396277,522.0202268,10.36725405,4.711999214,0.969878875,33.1992912,124.1843534,0.775593553,0.9715,favor-type
458,523.183908,16.54685364,534.9632986,10.40292774,4.85935055,0.975112,40.18000643,133.3881099,0.793121316,0.97325,favor-type
521,610.7391304,20.68768813,612.0102237,10.837355,5.01659145,0.9766455,42.81830054,159.8713738,0.801916863,0.96775,unfavor-type
475,535.8461538,15.11046223,549.479442,9.900462395,4.446356229,0.94268625,17.44782011,140.3499991,0.721422866,0.97175,favor-type
450,513.9655172,16.31945667,522.2328119,9.885406308,4.641494785,0.96249425,26.6625784,130.1587888,0.759749007,0.9735,favor-type
478,583.1234568,24.08104717,573.8023004,10.33835457,4.487362653,0.949842875,19.93734689,141.5926582,0.72733319,0.96725,favor-type
389,492.25,24.88146479,503.3637836,11.28755306,4.725058437,0.975878125,41.45614717,106.5159387,0.792319204,0.97025,unfavor-type
511,598.244186,20.59804657,593.4478879,10.7570631,5.172078834,0.983320875,59.9551835,155.5422643,0.829341295,0.96925,favor-type
531,589.5267857,14.45776311,602.2401384,10.17039323,4.946079515,0.970502,33.90060343,164.248186,0.788249737,0.97125,favor-type
467,537.5294118,17.63263179,543.4896972,10.38774056,4.938394811,0.974360875,39.00289109,137.056923,0.803470593,0.9725,unfavor-type
478,542.41,15.88510461,551.5226997,9.754286585,4.507530844,0.9546555,22.05339126,141.5926582,0.730602146,0.9715,favor-type
492,623.6,29.22748537,605.8782233,11.40509576,4.974715268,0.97719375,43.84762949,147.4477953,0.802570356,0.96475,favor-type
475,554.1,19.48818174,556.6087334,10.85493288,5.03280351,0.978202875,45.87761001,140.3499991,0.816574144,0.97175,favor-type
446,562.6435644,24.61142577,597.0388401,12.30713915,3.818935444,0.8760555,8.068127267,128.5553508,0.626022258,0.9615,unfavor-type
505,598.3829787,21.19950379,601.7741866,10.73737699,4.735099141,0.963092625,27.0948557,152.9676271,0.760712458,0.96675,favor-type
493,571.4705882,19.0850495,573.8505582,10.68868432,5.033512708,0.976945875,43.37618539,147.8695587,0.81179022,0.971,favor-type
509,593.2210526,19.57754217,596.3645913,10.63444647,4.940318073,0.974274125,38.87136978,154.6821521,0.79267698,0.96825,favor-type
495,547.1052632,13.78691032,558.8224084,10.27499673,5.038235059,0.977413625,44.27447964,148.7145035,0.812021622,0.975,unfavor-type
538,638.8965517,22.91399767,622.2745251,10.74484796,5.057433006,0.97710925,43.68576827,167.3404307,0.804317234,0.96675,unfavor-type
483,585.7808219,24.32825144,567.7590562,10.61104892,4.959768027,0.976164,41.95334788,143.673171,0.802549298,0.96925,unfavor-type
477,604.3,29.03219197,579.1029726,10.85155112,4.740743833,0.967092125,30.38786309,141.1779681,0.768663341,0.9665,unfavor-type
511,614.9655172,23.43985147,606.9081203,10.81613969,4.961881573,0.97339025,37.58021026,155.5422643,0.795636227,0.96625,favor-type
451,550.7432432,23.69068753,543.1696524,10.65768202,4.708790714,0.96450825,28.17556193,130.5608167,0.770484477,0.9695,unfavor-type
508,581.81,17.54538959,599.1074468,11.12162645,5.060092336,0.979575125,48.95990796,154.2528087,0.812151096,0.9695,unfavor-type
536,598.3364486,15.2798253,611.1350809,10.50791993,5.073155642,0.97604375,41.74276024,166.4545348,0.807295884,0.971,favor-type
393,496.2061856,22.67270475,526.4124362,11.44094673,2.653470663,0.620472,2.634851711,108.0133156,0.444184002,0.9645,unfavor-type
496,559.55,15.10832305,578.5542126,10.18704838,4.339380922,0.923885625,13.13812273,149.1376852,0.699158598,0.969,unfavor-type
519,608.6315789,20.5061366,610.0544443,10.70865739,4.902470252,0.970233,33.59424866,159.0017411,0.78415637,0.96725,favor-type
449,505.7804878,15.16420269,509.3321756,9.620251932,4.747266261,0.96500675,28.57693984,129.7572283,0.777345418,0.97575,unfavor-type
494,588.6111111,21.64224135,592.5504426,11.1894754,5.03652658,0.979824125,49.5641453,148.2917947,0.812010921,0.96725,favor-type
490,575.1648352,19.94896811,578.4534779,10.42474687,4.640669447,0.961389625,25.89977435,146.605686,0.749171091,0.96875,favor-type
515,579.7572816,15.84099094,590.054041,10.25441395,4.953045176,0.970990625,34.47161478,157.2681945,0.793227544,0.971,favor-type
487,601.0306122,24.3809596,612.9970719,11.71930627,4.645658331,0.962317375,26.53742939,145.3460632,0.750720758,0.9625,favor-type
487,547,15.41387764,551.5746405,10.18264556,5.061899133,0.976959375,43.40160043,145.3460632,0.817983692,0.97375,favor-type
446,514.4418605,17.19793139,527.1829045,10.12654346,4.637815468,0.964997625,28.56948993,128.5553508,0.760257866,0.97275,favor-type
524,605.875,18.76096576,616.1791959,11.00407755,5.008108647,0.97608075,41.80733092,161.1794009,0.799826766,0.96725,favor-type
362,472.3382353,26.18970042,499.1222646,11.89579037,4.158444658,0.931323,14.56091559,96.60273083,0.705820737,0.96925,unfavor-type
520,580.9784946,15.51926905,583.4619723,10.01407711,5.09277316,0.977036,43.54642048,159.436319,0.81434483,0.97325,unfavor-type
502,570.4418605,17.19794273,566.7830536,9.741524425,4.891679529,0.969651875,32.95096485,151.6867154,0.786620692,0.97275,favor-type
432,492,16.0724656,498.7542376,10.24328299,4.987336442,0.980335125,50.85209034,123.0020737,0.821850144,0.976,unfavor-type
493,590.5333333,22.14316642,585.9649719,10.34640737,4.750673915,0.967157875,30.44869965,147.8695587,0.766174806,0.96675,favor-type
487,628.939759,30.14066478,630.2530626,12.2625258,4.856670008,0.974786,39.66050607,145.3460632,0.784819444,0.9615,favor-type
531,613.8947368,19.34823417,614.4070008,10.64452241,5.054117787,0.974622875,39.40556702,164.248186,0.805467645,0.9685,favor-type
438,508.9156627,17.8055125,520.8170984,10.38009375,4.62372198,0.9638265,27.64454642,125.3708285,0.760203151,0.97275,unfavor-type
431,523.2619048,21.60969413,535.0223961,10.71642029,4.103257024,0.907876625,10.8550083,122.6089124,0.676423328,0.96875,unfavor-type
499,578.1,19.48818726,568.8843312,9.828878377,4.90684494,0.971819,35.48490117,150.4100695,0.789820707,0.97175,favor-type
467,525.5340909,15.25513704,531.1574888,9.863147192,4.777471034,0.962984875,27.01598333,137.056923,0.777288498,0.9745,unfavor-type
166,313.2307692,44.1065771,313.0058476,10.27175751,1.009428781,0.25437325,1.3411536,34.95753674,0.197463066,0.978,unfavor-type
508,582.4886364,18.20741556,582.0924389,10.23898337,4.98755115,0.975921,41.52996387,154.2528087,0.800508146,0.97125,favor-type
448,509.6216216,16.49621883,509.2470857,10.00764035,4.999849058,0.979924375,49.8116497,129.3561352,0.819003833,0.976,unfavor-type
533,604.8811881,17.16864743,608.1567432,10.48348313,5.07231067,0.975849125,41.40636726,165.129288,0.807882991,0.96975,favor-type
427,520.0588235,22.97430456,512.2189817,10.73587277,4.771086821,0.971273375,34.81091148,121.0409249,0.787726095,0.97175,unfavor-type
431,514.2631579,20.51535966,511.7036411,9.922695406,4.540779484,0.96489375,28.48495638,122.6089124,0.748549056,0.97175,unfavor-type
502,572.2952381,16.74099646,590.2758865,10.84780117,4.872109405,0.97044975,33.84066125,151.6867154,0.783473661,0.9695,favor-type
517,596.4375,18.70022768,599.3282468,10.27035114,4.87634844,0.96696275,30.26886318,158.1340151,0.780460144,0.969,favor-type
486,571.8255814,20.34662907,565.34353,10.07833829,4.821274893,0.972457875,36.30801908,144.9271328,0.7793586,0.9695,favor-type
493,582.11,20.16273358,593.2286181,10.84612041,4.731663668,0.965511625,28.99527739,147.8695587,0.763108889,0.9665,favor-type
496,586.0121951,21.34137771,578.3143548,10.30289422,4.851775872,0.969206,32.47385854,149.1376852,0.781715382,0.9695,unfavor-type
452,532.630137,20.22999086,524.5916816,9.821982085,4.656076005,0.960308,25.19399375,130.9633122,0.761582933,0.97275,unfavor-type
471,538.6551724,17.00555453,543.5483452,10.37990757,4.997211874,0.977503375,44.45111211,138.699703,0.811913418,0.97275,unfavor-type
455,560,25.2057982,543.5378685,10.40672884,4.697971321,0.9676915,30.95160716,132.1736052,0.767605069,0.97,unfavor-type
500,586.2875,20.80241338,573.76791,10.15611221,4.804723877,0.9650505,28.61271263,150.8351444,0.773133849,0.9705,favor-type
339,419.1,22.23078629,412.8067263,9.724820656,4.268985351,0.949704625,19.88254387,88.4249387,0.732747215,0.9775,unfavor-type
364,424.2461538,16.73941405,436.2564457,10.11649751,4.637563253,0.96887675,32.13032058,97.32544794,0.786407029,0.97775,unfavor-type
486,558.2727273,18.39053564,551.9243969,10.037097,5.01009935,0.97674675,43.00474127,144.9271328,0.809882054,0.9735,unfavor-type
500,579.7840909,19.15924219,578.5728175,10.21242121,4.821356584,0.96946725,32.75171742,150.8351444,0.775810237,0.97025,favor-type
446,518.9677419,17.69741155,536.4326423,10.63541377,4.601936794,0.966555625,29.90039431,128.5553508,0.754376424,0.97075,unfavor-type
474,539.2025316,16.9324337,535.1710787,10.05604679,4.930551996,0.970536375,33.94015502,139.93672,0.80025744,0.9745,unfavor-type
455,560.9166667,24.98766243,547.7213843,10.60774663,4.631553984,0.962517375,26.67902795,132.1736052,0.75675309,0.969,unfavor-type
497,592.6790123,22.41887237,581.7291695,10.35967452,4.849690069,0.9713065,34.85109868,149.56134,0.781125835,0.96875,unfavor-type
366,474.358209,25.93001375,479.9502512,11.00932078,3.796562104,0.89219475,9.275986095,98.05002057,0.643198025,0.96975,unfavor-type
470,555.8255814,20.34662546,562.3024992,10.89702069,4.826739922,0.969559125,32.85056688,138.2883036,0.78448718,0.9695,unfavor-type
509,605.7613636,22.13664229,601.0136468,10.62371691,4.833760152,0.969013125,32.27172795,154.6821521,0.775579698,0.96725,unfavor-type
525,587.8333333,15.33590284,596.1934512,10.08866986,4.950016623,0.97089575,34.35924307,161.6163648,0.790308458,0.97075,favor-type
484,565.5543478,19.26478186,569.0327169,10.32466638,4.623698877,0.958304875,23.98361919,144.0906868,0.747919019,0.96925,favor-type
460,530.0714286,17.59772035,534.9371686,10.3088516,4.813339916,0.9702795,33.64680944,134.2001209,0.785053353,0.97275,favor-type
378,443.8153846,17.88192289,446.4355593,9.678120389,4.529587461,0.9680465,31.29547624,102.4364146,0.763212841,0.97675,unfavor-type
521,587.9910714,15.9324919,606.0248463,10.70408149,4.874099222,0.969832,33.14770618,159.8713738,0.779139062,0.96925,favor-type
506,571.25,15.89362108,578.0219485,9.982388908,4.746398479,0.965393,28.89588812,153.3955464,0.762285478,0.97075,favor-type
468,555.0731707,20.81472522,553.3718146,10.48709608,4.74781447,0.96568625,29.14283633,137.4669137,0.772194674,0.97,favor-type
507,593.010101,19.6876106,605.0447418,11.00440604,4.821987793,0.96835475,31.60031916,153.8239402,0.774179863,0.96725,favor-type
510,589.3333333,18.97478275,585.4863049,9.993363299,4.851600733,0.969308375,32.58217836,155.1119706,0.778197162,0.97,favor-type
482,615.48,29.55181645,599.1108905,11.75443596,4.933992804,0.9759125,41.51530877,143.2561264,0.798646396,0.9645,favor-type
495,564.9587629,16.99002845,568.4090809,10.11957281,4.723322324,0.96256175,26.7106502,148.7145035,0.761266557,0.97075,favor-type
472,587.28,26.37976479,574.0926922,10.89560279,4.811442262,0.9682905,31.53629039,139.1115721,0.781461537,0.967,unfavor-type
487,544.0978261,14.83236827,546.8474725,9.514178364,4.839363082,0.969060125,32.32075113,145.3460632,0.78202271,0.97425,unfavor-type
468,545.5617978,18.7100197,557.1349499,10.59589745,4.783514603,0.971516625,35.10819908,137.4669137,0.77800102,0.9705,favor-type
506,614.6551724,24.23825225,608.5788625,11.07774228,4.678427268,0.954943875,22.1945407,153.3955464,0.751369102,0.9655,unfavor-type
414,518.21875,25.47678044,509.9113279,10.91142268,4.897872633,0.979241375,48.17274747,115.996365,0.812808093,0.971,unfavor-type
457,516.3478261,15.25398933,537.7200248,10.82231962,4.954815086,0.979078875,47.7985768,132.9828068,0.80899122,0.97375,unfavor-type
512,617.5172414,23.70470455,610.4532769,10.97220967,4.912849705,0.97226,36.04902668,155.9730334,0.787527101,0.966,unfavor-type
444,528.0857143,21.10719477,518.40735,9.914262218,4.682279109,0.963266875,27.22338489,127.7564347,0.768112511,0.97275,favor-type
393,486.1935484,23.57297503,477.7994944,10.25210679,4.485517563,0.9607475,25.47608433,108.0133156,0.75086383,0.973,favor-type
425,489.2297297,17.01021661,495.2346622,10.28246178,4.851731766,0.9759225,41.53255114,120.2597247,0.801662307,0.9755,unfavor-type
511,628.9428571,27.35918694,595.1874717,10.35643396,4.893193296,0.96581575,29.25323797,155.5422643,0.784622083,0.96775,favor-type
494,557.28,15.6823531,568.6164637,10.02815922,4.879459044,0.97162475,35.24198025,148.2917947,0.786687804,0.97175,favor-type
528,582.5847458,13.60478074,597.6733925,9.682682083,4.828614877,0.965408125,28.90852259,162.9301234,0.770225031,0.9715,favor-type
497,563.5294118,16.19024944,573.3353231,10.33867147,4.836692596,0.968761625,32.01190843,149.56134,0.779032369,0.97075,favor-type
487,562.3163265,17.8922009,574.2314261,10.58502266,4.665257231,0.96350125,27.39819857,145.3460632,0.753887866,0.9695,favor-type
465,568.5185185,23.80045277,563.1709324,10.9046452,4.770397317,0.969392375,32.67159736,136.2383491,0.776679952,0.9675,unfavor-type
474,528.71875,14.24782917,540.9703567,9.860647101,4.761248152,0.966926625,30.23580146,139.93672,0.772778435,0.97425,favor-type
490,556.1348315,16.63490217,561.0945479,10.10623758,4.928416229,0.972792,36.75389591,146.605686,0.79562378,0.97275,unfavor-type
451,527.0263158,19.16121543,526.0069481,10.14759034,4.745498705,0.967126375,30.41952325,130.5608167,0.776490889,0.973,unfavor-type
523,574.5,13.4632102,582.3654437,9.67059018,5.047097674,0.9732945,37.44547003,160.7429145,0.806299543,0.97425,unfavor-type
430,509.9333333,19.96141964,512.9421319,10.23289922,4.618922369,0.966404125,29.76555902,122.2162169,0.761722622,0.9725,unfavor-type
499,566.6764706,16.39280699,580.3447492,10.21270489,4.732955151,0.961911,26.25429914,150.4100695,0.761830877,0.9705,favor-type
477,569.9677419,21.18516105,573.6826437,10.59255355,4.460131641,0.9536305,21.5659,141.1779681,0.723164932,0.967,favor-type
495,576.5543478,19.26478398,579.9915384,10.48285441,4.727497561,0.962859375,26.92469499,148.7145035,0.761939487,0.96925,favor-type
442,512.0123457,17.74121858,513.3619801,9.71769161,4.542266431,0.960323,25.20351841,126.9593252,0.745696167,0.97325,favor-type
521,619.6470588,22.66115261,609.3318502,10.84348824,5.011039306,0.97537525,40.60954934,159.8713738,0.801029337,0.9675,favor-type
507,575.3076923,16.94580968,573.9492226,9.589193169,4.834350564,0.966246125,29.6262281,153.8239402,0.77616473,0.972,favor-type
486,543.1456311,14.473849,559.8675335,10.3603451,4.827252465,0.967139375,30.43155753,144.9271328,0.780324874,0.97275,favor-type
517,610.1666667,21.39361845,612.2113813,11.26733041,5.102078963,0.978401875,46.30031542,158.1340151,0.816588341,0.9675,unfavor-type
483,544.9326923,15.30474265,562.7570965,10.36180508,4.720315012,0.96565075,29.11271716,143.673171,0.76380296,0.9715,favor-type
494,556.0454545,15.91721058,562.012254,10.17393355,5.082626002,0.978405,46.30701551,148.2917947,0.819443272,0.97375,unfavor-type
491,559.28125,16.73116338,570.1696279,10.57584727,4.831161433,0.967530625,30.7982522,147.0265045,0.779666746,0.97125,favor-type
442,560.2638889,27.20596575,557.7571892,11.39303856,4.650081891,0.967954125,31.20526433,126.9593252,0.763396048,0.96725,unfavor-type
517,610.8,21.21447665,612.4795054,10.92592885,4.931674741,0.97327275,37.4149978,158.1340151,0.789315125,0.9665,favor-type
548,606.5340909,15.25514995,602.3836072,9.560024691,5.275310026,0.980789625,52.05520454,171.7987419,0.836517562,0.9745,favor-type
515,587.8446602,17.2580679,593.8053581,10.11193246,4.888503387,0.971750125,35.39838672,157.2681945,0.782891211,0.96925,favor-type
451,515.7435897,16.89567952,517.7699806,9.972630762,4.772748056,0.969669125,32.96970496,130.5608167,0.780949613,0.97475,favor-type
454,532.2692308,19.45679866,535.6151697,10.5948263,4.988546549,0.9808485,52.21523118,131.7697064,0.815375498,0.97225,unfavor-type
476,577.3918919,23.9894663,560.3704843,10.28395792,4.786354991,0.970581625,33.99236022,140.7637484,0.776322888,0.96925,unfavor-type
512,575.9782609,16.11170872,575.289729,9.386723926,4.871279773,0.96914125,32.40571961,155.9730334,0.780863464,0.97275,favor-type
483,557.1111111,18.04167441,565.9781301,10.82939867,5.089635081,0.980204875,50.51748852,143.673171,0.823563328,0.971,favor-type
475,536.8,15.99931225,539.3464133,9.952211594,4.929971347,0.97522875,40.36937983,140.3499991,0.799889589,0.97425,favor-type
441,538.4415584,23.03158782,547.4015114,11.29219032,4.81632725,0.976305625,42.20410963,126.5615012,0.790982387,0.96925,unfavor-type
452,531.2857143,19.70922722,531.7991609,10.47920961,4.898213831,0.97681925,43.13924269,130.9633122,0.801188823,0.97225,unfavor-type
444,503.4125,15.76530467,507.0207131,9.687363021,4.803012294,0.97028375,33.65162159,127.7564347,0.787918393,0.9755,unfavor-type
390,503.0508475,27.75839403,489.0830634,10.60540129,4.558054092,0.96623425,29.61580892,106.8895871,0.763986253,0.971,unfavor-type
510,580.6875,17.16086687,586.7548374,10.21594208,4.954695342,0.97381,38.18251241,155.1119706,0.794733546,0.97075,favor-type
445,558.3333333,27.30782388,536.3029106,10.67831421,4.735312545,0.969205625,32.47346309,128.1556592,0.776525888,0.97,unfavor-type
500,552.0618557,13.71621544,557.3084279,9.596116554,4.894050838,0.970936875,34.4078622,150.8351444,0.787507556,0.97475,favor-type
502,573.5666667,17.58252778,577.7923328,10.390041,5.021135262,0.975505625,40.82569978,151.6867154,0.807438196,0.9715,unfavor-type
517,586.0666667,17.1283229,586.2966282,10.05890523,5.000069627,0.9735975,37.87520121,158.1340151,0.800261734,0.972,unfavor-type
427,546.0483871,28.50361333,524.5842757,10.62608915,4.533080365,0.958706375,24.21681313,121.0409249,0.748430249,0.9695,favor-type
475,553.9069767,19.10926,554.1051199,10.34532935,4.902292404,0.97587875,41.45722133,140.3499991,0.795398671,0.97075,unfavor-type
410,522.2857143,25.66856865,526.4494934,10.82783444,3.473242507,0.77942525,4.533610488,114.459997,0.577319112,0.967,unfavor-type
454,535.1282051,19.98726727,536.5151113,10.62490721,4.801944082,0.9715495,35.14876716,131.7697064,0.784875416,0.97175,unfavor-type
427,488.5633803,16.64948314,492.7040744,10.06147561,4.869689255,0.97630575,42.20433227,121.0409249,0.804005763,0.9765,unfavor-type
390,488.0882353,23.91958807,471.6141578,9.284519334,3.781874854,0.9063175,10.6743522,106.8895871,0.633889011,0.971,favor-type
512,584.032967,17.62063968,583.0161053,9.927735782,4.78138863,0.965460125,28.95204456,155.9730334,0.766453963,0.97125,favor-type
455,529.2647059,19.35942899,518.7993459,9.783974416,4.886432715,0.97279525,36.7582867,132.1736052,0.798397918,0.97475,unfavor-type
501,556.5576923,14.15419602,573.3201702,10.45429587,4.986967283,0.97601075,41.68533822,151.260693,0.802200944,0.973,favor-type
507,589.5,19.64279182,591.2410726,10.82929947,5.061838383,0.976296,42.18697266,153.8239402,0.812688358,0.96975,unfavor-type
465,525.8636364,15.69523072,530.3693455,9.731799629,4.706214593,0.964666125,28.30145293,136.2383491,0.766230207,0.974,favor-type
513,613.8791209,22.64968531,605.9638679,10.45323972,4.700106702,0.963869625,27.67754279,156.404278,0.753188932,0.966,favor-type
507,568.1734694,15.37198924,575.1988271,10.11553915,4.924486301,0.965748875,29.1961213,153.8239402,0.790636205,0.9725,unfavor-type
467,543.2328767,19.39430586,532.5752422,9.555913586,4.73557676,0.964674125,28.30786215,137.056923,0.770472352,0.9735,favor-type
478,570.7272727,22.1802195,560.4796912,10.43747774,4.866660388,0.971520875,35.11343835,141.5926582,0.78881158,0.97,favor-type
437,501.8181818,17.611936,494.4887548,9.425524793,4.728137947,0.967800125,31.05602118,124.9748705,0.777662812,0.97675,unfavor-type
531,609.1239669,17.50280251,626.6256487,10.88908078,4.771226824,0.96264625,26.77107385,164.248186,0.76038371,0.9655,favor-type
459,529.7802198,17.39447018,546.3193577,10.5806991,4.752908189,0.968464125,31.70991767,133.7938812,0.775472223,0.9715,favor-type
523,596.6082474,17.63557114,600.4131304,10.43075093,5.068737024,0.97680375,43.11041655,160.7429145,0.809756539,0.97,favor-type
488,598.8461538,25.32822587,580.7250388,10.75118353,4.662396262,0.960279625,25.17599595,145.7654655,0.753175881,0.967,favor-type
452,576.7435897,27.73946426,576.1138719,11.68314255,4.674501322,0.961862375,26.22082523,130.9633122,0.764596717,0.965,favor-type
488,551.59375,15.88528933,562.1734261,10.30869804,4.898250009,0.97117025,34.68639166,145.7654655,0.791276322,0.97225,favor-type
279,472.7173913,46.04711646,454.2275653,12.4022213,4.28998429,0.95316085,21.34966162,102.5192073,0.76182258,0.907967033,unfavor-type
428,553.1016949,30.05374893,523.3684747,10.59526797,4.698674679,0.973407625,37.60476452,121.4322232,0.775471059,0.9695,unfavor-type
491,579.0681818,20.62512367,580.3831567,10.65109733,4.805737098,0.970985625,34.46567434,147.0265045,0.775563694,0.96875,favor-type
498,594,22.1340283,591.4038808,10.7629784,4.829348806,0.969605375,32.90055396,149.9854681,0.777597776,0.96775,favor-type
501,595.8965517,21.87767367,591.1983458,10.3637264,4.684956424,0.96542625,28.92367765,151.260693,0.753619635,0.96775,favor-type
502,578.2209302,18.62352383,572.0300739,9.930974172,5.010634913,0.976573375,42.68647319,151.6867154,0.805749657,0.97125,unfavor-type
492,553.1734694,15.37198705,562.7795882,9.966082071,4.781172244,0.966892125,30.2042943,147.4477953,0.771346077,0.9725,unfavor-type
395,502,27.25956348,480.9387463,10.32422095,4.680119012,0.9718355,35.50568979,108.7647874,0.782774449,0.973,unfavor-type
505,604.1666667,23.75724402,581.1454373,10.25189728,4.943244013,0.9738595,38.25481532,152.9676271,0.794151757,0.97,favor-type
499,565.7,16.29380748,575.0597862,10.43739405,4.937307647,0.972490625,36.35124389,150.4100695,0.794724077,0.971,favor-type
507,579.6,17.33414239,586.0990615,10.09524544,4.829230136,0.96719725,30.48524895,153.8239402,0.775342635,0.96975,favor-type
455,524.7093023,17.43222889,523.1247968,9.572517678,4.571727637,0.961112375,25.71512146,132.1736052,0.746978018,0.9725,favor-type
457,569.0394737,25.71522149,571.9436185,11.53156423,4.703835429,0.966970375,30.27585085,132.9828068,0.768012831,0.96725,unfavor-type
496,595.1219512,22.95499485,588.2393437,10.9248926,5.113473045,0.9813315,53.56616761,149.1376852,0.823879882,0.968,unfavor-type
527,633.5666667,23.67526778,624.8959838,10.83226947,4.903672164,0.969030875,32.29022454,162.4917259,0.782434219,0.96525,favor-type
490,527.8913043,11.06894448,537.2420592,10.03877652,5.436079615,0.99110075,112.3690199,146.605686,0.877578924,0.979,unfavor-type
571,640.9633028,16.5421039,643.6999243,10.23189376,5.255421149,0.98030475,50.7736637,182.2360777,0.827965794,0.969,favor-type
531,585.6,14.09872868,590.6449303,9.869494291,5.080343624,0.977375,44.19889503,164.248186,0.80964722,0.97375,favor-type
426,510.1666667,21.99145883,496.7379452,10.18553645,4.921712715,0.974087625,38.59159957,120.6500921,0.81290974,0.97475,unfavor-type
402,507.0545455,26.73273793,485.8235327,10.30766274,4.849110445,0.980023375,50.05850588,111.4095547,0.808663252,0.973,unfavor-type
564,656.7640449,21.38400736,645.3958763,10.42832642,5.1532096,0.976284,42.16562658,179.0323644,0.813443642,0.96775,favor-type
409,490.3802817,20.51638534,492.3636981,10.37378295,4.592465524,0.967293875,30.57531273,114.0770665,0.763665289,0.973,unfavor-type
453,527.8915663,18.54100912,532.1913937,10.2050282,4.618859767,0.959042875,24.41577625,131.3662754,0.75522257,0.972,unfavor-type
495,562.8,16.68527902,572.2605666,10.47314711,4.989125556,0.974497625,39.21203417,148.7145035,0.804106553,0.9715,unfavor-type
397,474.278481,19.21137343,490.5250372,10.56824147,4.485179075,0.96161025,26.04861975,109.518115,0.74953657,0.97225,unfavor-type
462,565.6184211,24.21996636,554.0770982,10.43257961,4.390713261,0.934449875,15.25550104,135.0140059,0.715616791,0.9685,unfavor-type
462,590.7,28.22185356,591.8286989,11.77398303,4.481885543,0.9531285,21.33492634,135.0140059,0.730476431,0.964,favor-type
519,597.9126214,18.30071187,606.0159425,10.65388181,4.857882145,0.968127875,31.37537896,159.0017411,0.777024445,0.968,favor-type
498,616.4383562,27.13459775,591.471968,10.75561573,4.940783636,0.97315225,37.24706912,149.9854681,0.795540459,0.967,favor-type
471,547.2409639,18.78895551,549.0775286,10.42091245,4.741102196,0.968067875,31.31642507,138.699703,0.770302438,0.97175,favor-type
501,570.244898,16.82298033,578.7766996,10.20795812,4.881975415,0.97316625,37.26650207,151.260693,0.785312007,0.97075,unfavor-type
490,581.1818182,21.89950484,574.6236878,10.74662556,5.085643081,0.979541,48.87824429,146.605686,0.821005853,0.97025,unfavor-type
392,449.04,15.5338823,452.8578138,9.377031519,4.432670321,0.962872125,26.93394114,107.6382756,0.742333939,0.97675,unfavor-type
431,512.1282051,19.98726074,522.541524,10.85204133,4.662043158,0.965394875,28.89745377,122.6089124,0.768539414,0.97175,unfavor-type
493,567.8953488,18.38262686,564.6918872,10.04339229,4.881712702,0.97123,34.75842892,147.8695587,0.787308359,0.9715,favor-type
492,571.5454545,18.58205364,580.3921234,10.38514842,4.637325335,0.96366525,27.52186268,147.4477953,0.748139269,0.9685,favor-type
525,575.3076923,12.86430802,587.0603866,10.11861902,4.963405752,0.972785125,36.74461117,161.6163648,0.792446136,0.97275,favor-type
413,525.3188406,26.44710559,516.7190547,10.44533675,4.287811526,0.951776125,20.73661646,115.6115761,0.71185338,0.96875,favor-type
390,449.1585366,15.62573873,468.4859863,10.19739529,4.526123273,0.953541375,21.52452855,106.8895871,0.758634253,0.97525,unfavor-type
401,490.6493506,21.62029901,504.0827928,10.71524814,3.92482428,0.883176875,8.559949068,111.0303386,0.654796386,0.9705,unfavor-type
460,558.4375,22.98093708,558.0403598,10.88261675,4.790046419,0.9715365,35.13271383,134.2001209,0.781254196,0.9685,unfavor-type
355,399.53125,13.44597282,406.6846532,9.09911187,4.267516324,0.948390875,19.37641841,94.08783632,0.726742289,0.981,unfavor-type
461,551.1351351,21.93225422,547.4054447,10.83335054,5.057827463,0.98031375,50.79687599,134.6068291,0.824637082,0.971,favor-type
264,298.4375,11.91025945,303.4127921,7.817692168,3.645731297,0.926255125,13.56026436,63.4744021,0.653831523,0.9855,unfavor-type
486,623.0142857,30.74903481,596.8884843,11.2005545,4.792181864,0.9689495,32.20560055,144.9271328,0.774655715,0.96525,favor-type
266,323.4680851,17.52711962,330.1124162,8.834951188,3.629905155,0.92595825,13.50589363,64.10532123,0.65011329,0.9815,unfavor-type
516,605.3186813,20.67106746,606.2056044,10.85436306,4.984233097,0.97509275,40.14895261,157.7008667,0.797974368,0.968,unfavor-type
288,318.5172414,10.46123751,327.5710514,7.807763776,3.945614124,0.947981375,19.22388375,71.17080722,0.696740537,0.985,unfavor-type
557,618.5083333,14.75941312,635.2806388,10.57195001,5.206403644,0.980642625,51.65989707,175.8524295,0.823463807,0.9695,unfavor-type
349,392.5217391,12.99894808,404.0588728,9.087833226,4.143502399,0.944332375,17.9637626,91.95031444,0.707677455,0.9805,unfavor-type
495,560.6625,16.96951686,558.6185186,10.26980522,5.213864848,0.98267175,57.70923203,148.7145035,0.840328199,0.97425,unfavor-type
301,317.3333333,6.497688008,328.8556308,7.542370935,4.350864875,0.959394911,24.62745478,82.49855522,0.76235865,0.984126984,unfavor-type
426,511.5135135,21.07504147,520.9570324,10.93191767,4.763502494,0.971335125,34.8859013,120.6500921,0.786778465,0.97175,unfavor-type
456,597.0895522,31.85842783,564.4481669,10.82916462,4.199690002,0.894611125,9.488667566,132.577972,0.685944456,0.9655,unfavor-type
456,533.4473684,19.42889465,530.0744305,10.34292803,4.909293497,0.97513625,40.21919461,132.577972,0.801845531,0.97275,favor-type
422,523.7536232,24.50726562,516.2027113,10.42552033,4.383429242,0.953091375,21.31804119,119.0914104,0.725132405,0.97025,favor-type
571,670.3956044,22.39815727,657.350632,10.62342416,5.203275766,0.97915025,47.96220578,182.2360777,0.819750545,0.96625,favor-type
544,630.6790123,20.80807326,613.0197389,10.3504206,5.295452457,0.9846395,65.10204746,170.009645,0.840688224,0.97025,favor-type
494,587.943662,22.87932058,571.8568352,10.7633703,5.183534815,0.982081875,55.80941086,148.2917947,0.835712234,0.971,favor-type
600,664.0824742,15.93633171,658.081865,9.939695199,5.543032826,0.987594625,80.61021936,195.7634468,0.866514582,0.972,favor-type
522,602.6666667,19.21114026,600.3400955,10.05710226,4.958891826,0.972737,36.67974911,160.3069056,0.792450503,0.96975,favor-type
541,615.4470588,18.35281679,609.6980255,10.66878934,5.440497615,0.988227875,84.94643066,168.6728752,0.864474044,0.97175,favor-type
609,677.5955056,17.08726218,663.7474862,9.9590513,5.546243775,0.986891,76.28346937,200.0456559,0.865003271,0.97225,favor-type
263,314.1081081,17.0608508,305.8323603,8.042030582,3.853553856,0.940744875,16.87617738,63.15965803,0.691573462,0.9845,unfavor-type
593,663.7802198,17.39449178,654.0674639,9.768079985,5.441062105,0.984529375,64.63862966,192.460463,0.852137267,0.9715,favor-type
601,641.3584906,11.24270382,643.8442331,9.49458621,5.599657741,0.98868625,88.38802342,196.2372722,0.875138651,0.97675,favor-type
539,624.5737705,18.66863972,641.6122391,10.99806196,4.669098765,0.95812475,23.88045445,167.7840986,0.742338618,0.96375,favor-type
601,660.8529412,14.99662735,658.9565759,9.747659515,5.417538189,0.984213875,63.34676813,196.2372722,0.846676223,0.97225,favor-type
512,620.8942308,23.19541335,635.1055174,11.59453703,4.754430024,0.96451075,28.17754672,155.9730334,0.762132513,0.96225,favor-type
564,665.109589,24.02473672,636.784891,10.71447481,5.519026298,0.988447625,86.56228698,179.0323644,0.871188482,0.9695,favor-type
584,679.8172043,21.67009945,663.577459,10.16614574,5.222790064,0.97936125,48.45254679,188.249145,0.819916994,0.9665,favor-type
475,549.9438202,18.24009647,556.7498986,10.46004437,4.727553634,0.964260125,27.97995236,140.3499991,0.767047244,0.971,favor-type
445,511.6111111,16.67905156,522.6825862,10.02151221,4.552317758,0.96053975,25.34195805,128.1556592,0.746517269,0.9725,unfavor-type
496,564.490566,16.39184899,578.0110718,10.07342867,4.631262986,0.958356875,24.01356767,149.1376852,0.746186471,0.96975,unfavor-type
460,538.2692308,19.45680024,535.7907164,10.05923747,4.803283239,0.971636875,35.2570459,134.2001209,0.783413114,0.97225,favor-type
414,495.1515152,20.86070456,484.5130242,9.872535949,4.473114271,0.958507125,24.10052328,115.996365,0.742318912,0.974,favor-type
456,569.7613636,25.02578977,581.1107353,11.59492921,4.421622063,0.955657875,22.55191875,132.577972,0.7221931,0.9645,favor-type
454,525.1649485,17.20409278,541.8718175,10.40777416,4.475944536,0.95771,23.64625207,131.7697064,0.731590949,0.9705,favor-type
522,605.34375,19.37677325,605.7786085,10.60153587,4.833051208,0.9663555,29.72254009,160.3069056,0.772340675,0.96825,favor-type
506,587.1098901,19.23775191,584.1499354,10.09208617,4.846166421,0.967462375,30.73365066,153.3955464,0.778308501,0.9695,favor-type
531,650.6582278,26.77029929,624.553759,10.76687245,4.961615056,0.972563875,36.44829581,164.248186,0.790725615,0.9655,unfavor-type
517,561.6020408,12.25798933,567.2659161,9.133883655,4.997394891,0.972240375,36.02354138,158.1340151,0.799833642,0.9765,unfavor-type
548,633.5612245,19.65957906,629.5945872,10.29037245,5.00751395,0.972658875,36.57493977,171.7987419,0.794052546,0.9675,favor-type
557,677.4174757,25.0851606,676.6521065,11.56973786,4.975016631,0.970502375,33.90103441,175.8524295,0.786866793,0.9605,favor-type
502,583.5543478,19.26478528,582.7855656,10.24026813,4.812447002,0.96971625,33.02100962,151.6867154,0.773879476,0.96925,favor-type
525,594.4791667,16.9454559,599.7357871,10.70125361,5.204173095,0.982156125,56.04163894,161.6163648,0.830886506,0.971,favor-type
466,560.6111111,21.64223515,572.5567661,11.17585508,4.749859242,0.971301375,34.84487497,136.6474014,0.773065712,0.96725,favor-type
528,608.6774194,19.06087506,603.172601,10.1482592,4.972969643,0.97379525,38.16102043,162.9301234,0.793251438,0.96925,unfavor-type
442,529.0786517,20.39415859,534.9943149,10.23350688,4.09887645,0.91286475,11.47641167,126.9593252,0.672905587,0.96875,unfavor-type
514,583.6320755,16.58998405,594.2318967,10.20100151,4.69971122,0.9585095,24.10190285,156.8359984,0.7528906,0.9695,favor-type
580,650.6930693,16.96075946,650.262568,10.42956757,5.35672138,0.984328,63.80806534,186.3901831,0.84185097,0.97,favor-type
534,610.6792453,17.79922636,618.9727046,10.41927884,4.948322238,0.970683125,34.11004754,165.5705576,0.787899738,0.968,favor-type
477,537.8210526,15.41552022,546.5889418,9.922625796,4.747547815,0.968266875,31.51281193,141.1779681,0.769766538,0.973,favor-type
559,615.5277778,14.21398553,623.6804349,10.06773095,5.215823322,0.980657375,51.69929107,176.7585564,0.82448626,0.97225,unfavor-type
422,527.3956044,23.41148574,532.7583004,10.97980706,3.663958584,0.870080375,7.697066552,119.0914104,0.606113377,0.96525,unfavor-type
398,484.1147541,22.28231725,470.1386288,9.960439788,4.725694036,0.975197625,40.31871948,109.8954748,0.789398133,0.97425,unfavor-type
507,565.5,14.29184044,585.4359418,10.195153,4.851068846,0.973799625,38.16739264,153.8239402,0.778848884,0.9705,unfavor-type
458,547.0804598,20.86191851,549.5087207,10.49015333,4.457717934,0.952895875,21.22956323,133.3881099,0.727568649,0.96875,favor-type
398,500.7808219,24.32822128,507.6584642,11.04847958,4.476974065,0.965343375,28.85451194,109.8954748,0.747850991,0.96925,unfavor-type
433,535.5138889,24.36905392,532.4232956,10.89118687,4.579137096,0.96090725,25.5801907,123.3957009,0.754296644,0.9695,favor-type
478,551.9052632,17.77488461,557.6614072,9.997805912,4.562839101,0.955461,22.45223287,141.5926582,0.739566773,0.97025,favor-type
520,580.9411765,15.19296928,591.3472037,10.39275977,5.066251106,0.9777745,44.99336348,159.436319,0.810103899,0.972,unfavor-type
65,75.92857143,6.851897997,79.47707266,4.300564592,2.777115954,0.892524917,9.304482268,15.52120857,0.665275111,0.982125124,unfavor-type
480,588.9886364,24.22272618,585.8315723,10.78755053,4.538953429,0.956656375,23.07144361,142.4234506,0.735197714,0.96525,unfavor-type
498,584.4054054,19.22139265,593.6710825,10.71590484,4.27606805,0.92141725,12.72543911,149.9854681,0.688511254,0.96525,favor-type
589,639.5283019,13.17337236,641.5687821,9.682009094,5.467097864,0.986624875,74.7656564,190.5838612,0.857123326,0.974,favor-type
500,566.2358491,15.99851068,579.1105197,10.24458783,4.719414176,0.96278275,26.86926089,150.8351444,0.759406563,0.97025,unfavor-type
486,588.4252874,23.17627486,582.193349,10.7262404,4.659163496,0.965341625,28.853055,144.9271328,0.753153309,0.9665,favor-type
524,586.7586207,16.09337857,582.5229069,10.12772475,5.276890782,0.98318725,59.47866946,161.1794009,0.842752981,0.97375,unfavor-type
466,553.3797468,21.06742501,549.0277916,10.38805549,4.749821784,0.966822,30.14045452,136.6474014,0.773059615,0.9705,unfavor-type
465,529.5301205,16.6075304,533.0615079,10.01648573,4.896725982,0.974028875,38.50430045,136.2383491,0.797247828,0.974,unfavor-type
396,515.5294118,27.86633336,518.5380966,11.53891764,4.420387735,0.96213,26.40612622,109.1412193,0.739020502,0.968,unfavor-type
399,512.1,27.63733756,488.5301882,10.07236014,4.172780974,0.93784425,16.0886161,110.2732987,0.696745343,0.97075,unfavor-type
426,542.45,26.1280584,546.5445653,11.19083091,4.312695397,0.94704425,18.88369063,120.6500921,0.712319531,0.96575,favor-type
414,482.6666667,17.64800934,486.8359411,9.718735818,4.367503919,0.952226375,20.93205194,115.996365,0.724792742,0.974,unfavor-type
516,605.6315789,20.50613607,609.4769821,10.87440908,4.931965989,0.972507375,36.37339105,157.7008667,0.789606418,0.96725,unfavor-type
535,635.5638298,22.41152834,631.796387,10.93211012,4.970600643,0.972505375,36.37074519,166.0123064,0.791211332,0.9655,favor-type
500,591.1234568,21.60703729,573.8339578,9.956954597,4.769569102,0.96775,31.00775194,150.8351444,0.767477052,0.9695,unfavor-type
472,555.7765957,19.55093669,562.631721,10.34327775,4.552004772,0.9636275,27.49329851,139.1115721,0.739324396,0.9685,unfavor-type
352,544.5,38.68975811,584.5006007,15.22332471,1.903013336,0.457856,1.844528391,93.01698609,0.324545197,0.956,unfavor-type
516,598.0689655,19.62124298,589.7291856,10.26191794,4.930409453,0.96810325,31.35115647,157.7008667,0.789357217,0.97,unfavor-type
467,557.75,21.60844262,553.5128171,10.30539202,4.706870091,0.9694275,32.70913403,137.056923,0.765801813,0.96975,favor-type
457,540.7777778,20.28256084,539.8717974,10.2742805,4.701373546,0.967061625,30.35972479,132.9828068,0.76761087,0.97075,favor-type
447,507.1797753,15.52609972,517.240446,9.960969838,4.72263313,0.9687545,32.00460866,128.9555094,0.773877556,0.974,unfavor-type
395,469.6307692,19.65542851,461.4259693,9.392536429,4.238889147,0.9488595,19.55397386,108.7647874,0.70897644,0.97525,favor-type
194,226.0465116,11.59187908,237.2277734,7.359619458,3.025770323,0.87882397,8.25245718,43.44967049,0.574383408,0.985802304,unfavor-type
479,557.9789474,18.66710782,567.4560436,10.55178655,4.723532123,0.9668985,30.21011132,142.007819,0.765353414,0.96925,favor-type
537,619.3428571,18.79722917,626.7945195,10.87101187,5.079602744,0.97763625,44.71521994,166.8972428,0.808082132,0.967,unfavor-type
503,608,23.15248915,607.9135748,10.97985297,4.691054771,0.967682375,30.94286786,152.1132118,0.754117317,0.96475,favor-type
412,485.6516854,18.00700028,508.4959062,10.73089329,4.391499168,0.955338625,22.39071233,115.2272518,0.729360926,0.97125,favor-type
587,662.625,18.0337762,647.9296619,9.607800937,5.267471575,0.980233375,50.59032586,189.6485046,0.826266834,0.96975,favor-type
553,660.628866,23.40076413,652.4792687,10.92385126,5.028394405,0.975091625,40.14713927,174.0459359,0.796216842,0.96375,favor-type
409,502.0588235,22.9742973,499.2601757,10.4393614,4.473686659,0.959843375,24.90249118,114.0770665,0.74391396,0.97175,favor-type
525,581.5819672,13.85867629,604.0911933,10.66897712,5.105547705,0.980496375,51.27251985,161.6163648,0.815140199,0.9705,unfavor-type
487,552.1630435,16.32913903,556.6707884,10.04420178,4.875024691,0.972050875,35.77929542,145.3460632,0.787785491,0.9725,favor-type
504,570.375,16.09192265,585.7267118,10.72191075,4.960989514,0.974193125,38.74936427,152.5401824,0.797256522,0.9705,unfavor-type
506,605.8214286,22.93472084,599.6918664,10.98058816,5.01796565,0.97709425,43.65716032,153.3955464,0.80589996,0.9675,favor-type
269,379.5348837,29.86429359,371.1126149,9.906083017,2.255674943,0.56830425,2.316446247,65.0552896,0.403179859,0.9755,unfavor-type
515,647.4814815,28.76358723,629.8698977,11.67005571,5.15812044,0.982993125,58.7997501,157.2681945,0.826070238,0.96325,unfavor-type
303,380.7818182,21.1853785,386.469327,9.581832945,4.139411118,0.951284375,20.52729489,76.11916878,0.724467044,0.97675,unfavor-type
422,500.5487805,19.2685419,516.4800512,10.87297692,4.64970436,0.970865125,34.32312649,119.0914104,0.769181186,0.9715,unfavor-type
375,466.1818182,21.89946773,485.9595742,10.84361948,3.865399294,0.895071625,9.530310557,101.3335555,0.652176065,0.97025,unfavor-type
431,508.2916667,19.66446563,509.4807651,10.30748394,4.769937293,0.970635625,34.05487091,122.6089124,0.786325799,0.9735,unfavor-type
319,436.25,26.63102919,464.7626413,11.79845056,2.189265982,0.5498785,2.221622384,81.51371351,0.379738667,0.9665,unfavor-type
429,515.5588235,21.73973857,508.2240021,10.21500697,4.581076662,0.957831,23.71410278,121.8239872,0.755771545,0.97275,unfavor-type
519,585.8387097,16.59358326,584.7550304,9.743085011,4.856615163,0.962101,26.38592047,159.0017411,0.77682179,0.972,unfavor-type
439,547.9428571,25.73005609,548.7556149,11.39868254,4.826528346,0.973705625,38.03094768,125.7672529,0.793249866,0.969,unfavor-type
482,574.7272727,22.18022058,568.7617277,10.90882821,5.103593784,0.981972125,55.46965463,143.2561264,0.826099053,0.97,unfavor-type
482,544.5280899,15.96583766,553.005116,10.41491554,5.068364839,0.98007025,50.17624406,143.2561264,0.82039668,0.9735,unfavor-type
395,522.1694915,30.44417988,507.5807847,11.03772089,4.410687226,0.95673675,23.11430602,108.7647874,0.73771057,0.96925,unfavor-type
437,562.0461538,29.22993931,539.0412915,10.75231757,4.482320144,0.958500625,24.09674845,124.9748705,0.737231808,0.968,favor-type
445,556.6923077,26.7674976,539.5454793,10.85951672,4.865319423,0.974816125,39.70794804,128.1556592,0.797845221,0.96975,unfavor-type
421,515.9354839,23.91148196,501.3142651,10.19250359,4.790221842,0.974626375,39.41100257,118.7029023,0.792737532,0.97275,unfavor-type
457,527.0123457,17.74122222,533.9032068,10.52093698,4.922003112,0.97546325,40.75519374,132.9828068,0.803633886,0.97325,unfavor-type
505,590.4117647,20.33221805,587.5090987,10.66890064,4.882300891,0.968355125,31.60069364,152.9676271,0.784361003,0.96975,favor-type
522,612.9285714,20.56930085,620.8854121,11.45733401,5.100822816,0.9770345,43.54357623,160.3069056,0.815131636,0.9665,unfavor-type
467,577.7142857,26.05237024,557.855082,10.67203185,4.839729192,0.97292125,36.9293265,137.056923,0.787417821,0.96875,favor-type
472,553.7894737,20.24139111,545.4391607,9.962898337,4.809776781,0.969796625,33.1088827,139.1115721,0.781191034,0.972,favor-type
466,565.0923077,24.40114777,543.36509,10.31423486,4.93969559,0.97455525,39.30083809,136.6474014,0.803962622,0.9715,favor-type
443,546.4782609,24.82608327,534.768641,10.67154255,4.801200749,0.972247125,36.03230296,127.357616,0.787912657,0.97,favor-type
453,547.7205882,23.28757053,534.741518,10.44465477,4.846373231,0.97067375,34.09914326,131.3662754,0.792422942,0.9715,favor-type
408,487.2461538,20.56898722,482.0934618,10.08734622,4.664346915,0.96680825,30.12796855,113.6946003,0.775934055,0.9745,favor-type
486,559.5542169,18.29446268,558.5472697,10.19678643,4.965405372,0.977564,44.57122482,144.9271328,0.802657277,0.97225,unfavor-type
501,574.2967033,17.84801318,571.6733177,9.877960963,4.769117611,0.9663085,29.68107683,151.260693,0.76715776,0.971,favor-type
520,595.1578947,17.99623834,595.4063005,9.97520845,4.771836112,0.96111975,25.71999923,159.436319,0.76302634,0.97,favor-type
430,497.3333333,17.55928061,506.4472855,10.65819654,5.035869591,0.983428375,60.3441123,122.2162169,0.830482845,0.97475,unfavor-type
422,497,19.65215509,497.0580438,10.48949048,5.027081366,0.98235,56.6572238,119.0914104,0.83160909,0.975,unfavor-type
373,433.1034483,17.1873388,436.3790178,9.964974082,4.802435093,0.97366475,37.97191977,100.6006348,0.81100591,0.979,unfavor-type
503,573.1214953,16.63909464,590.1653395,10.52948683,4.822485565,0.968268625,31.51454987,152.1132118,0.775245665,0.96925,favor-type
516,589.0792079,17.37758322,593.4979385,9.913905079,4.774840572,0.961307875,25.84505245,157.7008667,0.764450681,0.9695,favor-type
465,546.5730337,19.42429647,554.9534066,10.65799784,4.693259244,0.963074,27.08118941,136.2383491,0.764120915,0.96975,unfavor-type
500,609.443038,24.9974433,596.5495064,10.88640189,4.92317028,0.9742335,38.81008286,150.8351444,0.792193201,0.967,unfavor-type
504,599.8571429,22.74627578,586.1085663,10.48611066,5.049914737,0.9776815,44.80587853,152.5401824,0.811547263,0.9695,unfavor-type
361,464.6363636,28.18526221,439.291685,10.09607136,4.59557794,0.969960375,33.28936363,96.24206816,0.780382608,0.976,unfavor-type
457,539.1785714,19.81160523,540.595024,10.09280647,4.557199321,0.95878425,24.26256953,132.9828068,0.744071004,0.9705,favor-type
380,509.5,32.80118332,479.4441044,10.80001234,4.802657877,0.977478125,44.40127654,103.1739726,0.808504952,0.972,unfavor-type
374,493.3962264,29.87312321,480.322147,10.81676539,4.685514506,0.97409525,38.60295892,100.9668633,0.790903477,0.97175,unfavor-type
381,484.1785714,26.22698179,467.7075407,10.33987675,4.656543924,0.97296575,36.99011439,103.5434471,0.783560681,0.973,unfavor-type
492,556.0609756,16.56595991,554.6689688,10.12226717,5.105814258,0.979934125,49.83585316,147.4477953,0.823720544,0.97425,favor-type
496,617.5217391,28.11307848,590.7598499,10.95785588,5.049748802,0.978222375,45.91868948,149.1376852,0.813612669,0.9675,unfavor-type
491,592.6,23.54011192,587.2555064,10.92453952,4.871697952,0.967393125,30.66837898,147.0265045,0.786208647,0.968,unfavor-type
497,601.5,23.74594304,592.5934708,10.8091917,4.767485039,0.968589,31.83598103,149.56134,0.767885304,0.96675,favor-type
517,627.7096774,24.1645442,621.5712977,10.85465904,4.684891122,0.958915625,24.34015365,158.1340151,0.749817377,0.964,favor-type
517,618.9405941,22.23719084,625.054399,10.98413998,4.724224177,0.962772625,26.86195307,158.1340151,0.756112637,0.964,favor-type
516,593.6947368,18.44235003,594.4065694,10.34487425,4.991744381,0.978319375,46.12413157,157.7008667,0.799176922,0.9695,favor-type
503,569.8387097,16.59358074,574.0688432,10.05597599,4.928999012,0.972236625,36.01867568,152.1132118,0.792368389,0.972,favor-type
436,534.0882353,23.91960751,522.1812098,10.2825849,4.68814745,0.966551,29.89625998,124.5793789,0.771376014,0.971,unfavor-type
523,593.7830189,16.7890924,602.8001292,10.56406276,4.921468546,0.971625625,35.24306703,160.7429145,0.78622965,0.96925,favor-type
499,595.5316456,22.71622155,587.6281382,10.9133355,5.04121603,0.973214875,37.33415468,150.4100695,0.811449487,0.969,unfavor-type
481,601.4189189,27.38309158,579.4852577,10.53176511,4.715230525,0.964297,28.0088508,142.839553,0.763492854,0.9665,favor-type
480,565.6428571,21.40301695,547.4106738,10.03755102,4.933578991,0.972784875,36.74427363,142.4234506,0.799117253,0.9725,favor-type
483,573.8289474,21.90885767,561.3143249,10.31214245,4.845954172,0.96658875,29.93003853,143.673171,0.784132866,0.9705,favor-type
470,579.8787879,23.64580835,588.9371812,11.23436018,4.116035825,0.915185375,11.7904194,138.2883036,0.668976864,0.963,unfavor-type
456,575.9295775,27.60809595,560.4515678,10.81594745,4.490794186,0.95557275,22.50870806,132.577972,0.733491133,0.96725,favor-type
479,580.3918919,23.9894672,565.3751534,10.4671178,4.870107115,0.96951275,32.80059697,142.007819,0.789102945,0.96925,favor-type
434,495.2631579,16.32113671,499.4001658,9.960120892,4.840904038,0.973016,37.05899792,123.7897941,0.797113212,0.97575,unfavor-type
493,559.039604,16.13962946,568.3274016,10.23369963,4.943258264,0.975806,41.33256179,147.8695587,0.797234247,0.971,unfavor-type
469,528.4125,15.76531014,525.9488779,9.429443699,4.872696877,0.96916525,32.43094236,137.8773739,0.792230788,0.9755,favor-type
444,505.4050633,16.19972678,508.7649203,9.972017091,4.734327511,0.964589375,28.24011155,127.7564347,0.77665088,0.97525,unfavor-type
493,601.6551724,24.23824923,596.373076,10.8962004,4.802856027,0.9666315,29.96838336,147.8695587,0.774590585,0.9655,favor-type
432,508.9014085,19.65897113,506.4802687,10.01540337,4.658251743,0.965721125,29.17248597,123.0020737,0.767621136,0.97375,unfavor-type
468,564.7619048,22.40065032,567.5021982,11.01600787,4.651152536,0.962246375,26.48752272,137.4669137,0.756473371,0.968,favor-type
488,615.6164384,28.75150443,590.817652,10.84496051,4.850103609,0.97226975,36.06170157,145.7654655,0.783498625,0.96575,unfavor-type
500,600.0125,23.2598054,589.0091445,10.69062422,4.992174284,0.9753955,40.64297181,150.8351444,0.803296717,0.96825,unfavor-type
481,549.908046,17.23685763,556.3383748,10.40799327,4.930700299,0.975236875,40.38262538,142.839553,0.798381844,0.9725,unfavor-type
421,530.443038,24.99741919,539.7871403,11.2784056,4.430745228,0.961395625,25.90379976,118.7029023,0.733247468,0.967,unfavor-type
480,543.7619048,16.41561142,549.2439466,10.33949878,5.039335281,0.97933525,48.3915847,142.4234506,0.816247145,0.974,unfavor-type
469,542.2967033,17.84800718,554.7880249,10.69384385,4.890300594,0.976114875,41.86706161,137.8773739,0.7950929,0.971,favor-type
412,490.48,19.68807136,494.7433837,10.32276802,4.615399924,0.96945525,32.73885038,115.2272518,0.766547422,0.97275,unfavor-type
469,524,14.50725217,534.2116556,10.17401356,4.914891576,0.97401675,38.48633254,137.8773739,0.799091042,0.975,favor-type
491,584.6428571,22.90864564,571.8904278,11.01253139,5.281463549,0.9867515,75.48024305,147.0265045,0.852337799,0.97125,unfavor-type
466,541.625,18.0337574,551.878795,10.82825187,4.946510299,0.97942075,48.59263579,136.6474014,0.805071753,0.96975,favor-type
492,575.8021978,19.71068619,578.6092427,10.81554127,4.958180583,0.97513825,40.22243004,147.4477953,0.799902816,0.969,favor-type
459,565.1392405,24.41826836,560.5196248,11.17095232,4.920592078,0.97677725,43.06122229,133.7938812,0.802831093,0.9675,favor-type
440,525.5135135,21.07504602,522.8432726,10.40503637,4.661592259,0.968455,31.70074497,126.1641438,0.765855887,0.97175,unfavor-type
480,595,28.26799564,560.1779514,10.71961496,5.119495975,0.981792875,54.92355328,142.4234506,0.829231186,0.971,unfavor-type
476,565.2894737,21.6270179,560.9085625,10.86845781,5.030449883,0.978481875,46.47245055,140.7637484,0.815913861,0.97075,unfavor-type
440,531.369863,22.23834767,536.3437309,11.01709857,4.800549845,0.9634045,27.3257641,126.1641438,0.788685315,0.971,unfavor-type
419,550,30.31460892,531.1773263,11.23938351,4.816247095,0.979276,48.25323297,117.9272812,0.79767308,0.96725,unfavor-type
423,510.0689655,22.77628245,492.9371235,9.942257736,4.840546627,0.97467075,39.48004777,119.4803838,0.800438022,0.97475,unfavor-type
436,547.3387097,27.05279309,529.4467404,10.78462043,4.824205643,0.972450875,36.29879352,124.5793789,0.793762688,0.9705,unfavor-type
472,563.369863,22.23835773,547.9647819,9.970485992,4.824483121,0.96733725,30.61591568,139.1115721,0.783579598,0.971,unfavor-type
512,590.0645161,18.60169068,592.5241843,10.42566908,5.017574785,0.976274,42.14785467,155.9730334,0.804314473,0.96975,unfavor-type
166,271.2857143,35.77304316,323.0610655,11.57805234,3.759487756,0.94241525,17.3657088,34.95753674,0.735425809,0.98325,unfavor-type
493,582.1267606,21.98021861,561.078088,9.885200982,4.935348424,0.973045,37.09886848,147.8695587,0.795958571,0.97175,unfavor-type
457,604.2205882,32.80427202,580.3571471,11.44519651,4.601509844,0.9649645,28.54247834,132.9828068,0.751305749,0.9645,unfavor-type
421,522.1818182,25.96039599,502.2157873,10.59969862,4.873200954,0.976831625,43.1622848,118.7029023,0.80646981,0.9735,unfavor-type
510,610.345679,23.24355375,594.7368516,10.42157825,4.87566122,0.968949875,32.20598951,155.1119706,0.782056466,0.968,favor-type
422,508.25,21.06803622,523.1145004,11.29170434,4.967889892,0.983058375,59.02621502,119.0914104,0.821817291,0.97125,unfavor-type
477,576.3956044,22.39813901,585.5402866,11.17127999,4.617577386,0.958427375,24.05429053,141.1779681,0.748693156,0.96625,unfavor-type
448,516.7037037,17.49500221,520.7683216,10.26512005,4.922373169,0.979152,47.96623177,129.3561352,0.80631284,0.9735,unfavor-type
451,540.6296296,21.33927029,540.7260238,10.54432926,4.572651662,0.95957675,24.73823851,130.5608167,0.748208476,0.96975,unfavor-type
506,580.5555556,17.71688917,592.4448514,10.87262881,4.99781515,0.974842375,39.74938016,153.3955464,0.80266373,0.9695,favor-type
353,441.5964912,23.19172422,431.422084,9.625718561,4.091708874,0.94007125,16.68648186,93.37347193,0.697473989,0.97475,unfavor-type
503,561.0934579,14.52432334,573.2155778,10.11032737,4.864307887,0.96872175,31.97109813,152.1132118,0.781968873,0.972,unfavor-type
500,592.9677419,21.18516574,596.4786964,10.83090837,4.7666247,0.965109625,28.66119954,150.8351444,0.767003265,0.967,favor-type
408,526.6585366,26.33326185,525.1605631,10.90177355,3.343177164,0.79923375,4.980916862,113.6946003,0.556151817,0.965,favor-type
482,567,20.31856523,567.170321,10.66592602,4.871483756,0.972841875,36.82139323,143.2561264,0.788528298,0.97,unfavor-type
395,524.6428571,31.37902553,503.0905043,11.1889115,4.306040536,0.943268875,17.6270081,108.7647874,0.720207862,0.96975,unfavor-type
428,524.0365854,22.41149663,532.8686289,11.28289222,4.770156875,0.9753455,40.56054676,121.4322232,0.787268507,0.9685,unfavor-type
441,525,21.5003771,514.0594933,10.38516029,4.888371774,0.97444925,39.13779439,126.5615012,0.802814214,0.97375,unfavor-type
361,425.8181818,17.61190727,432.8282154,9.895761034,4.484066297,0.967727,30.98565364,96.24206816,0.761446634,0.97675,unfavor-type
442,520.7638889,19.94574731,516.7397396,10.41405405,4.764985974,0.9679095,31.16187034,126.9593252,0.782259656,0.97325,unfavor-type
456,565.703125,26.50965334,540.2517614,10.49392361,4.733990952,0.965856625,29.2882587,132.577972,0.773212987,0.97025,unfavor-type
497,558.6413043,15.68044399,565.7581313,10.3484789,5.042567566,0.977497625,44.43975358,149.56134,0.812192067,0.97325,favor-type
475,545.4634146,17.77317223,545.4812781,9.948384279,4.858171619,0.968294375,31.54014469,140.3499991,0.788240058,0.973,favor-type
498,576.5212766,18.63426158,582.8662174,10.64907894,4.895598944,0.971696125,35.33085134,149.9854681,0.788265044,0.9695,favor-type
486,565.8191489,18.86169742,569.109566,10.13358721,4.762782731,0.969653625,32.95286505,144.9271328,0.769903348,0.96925,unfavor-type
507,587.01,18.61748929,602.0737734,11.20590291,5.057271264,0.979089375,47.82257823,153.8239402,0.811955098,0.96825,unfavor-type
422,498.4415584,19.17709388,510.4007983,10.76164482,4.807774888,0.977252125,43.96015012,119.0914104,0.795330134,0.97275,unfavor-type
381,452.1267606,18.54012123,465.1081641,10.31281759,4.580920471,0.9695665,32.85852761,103.5434471,0.770835457,0.97475,unfavor-type
442,521.8732394,20.22884876,512.6973055,10.05915847,4.700231229,0.96844075,31.68643108,126.9593252,0.77162898,0.97325,unfavor-type
385,526.2222222,33.94511359,505.7437681,11.22364699,4.633738216,0.972518375,36.38795013,105.0259828,0.778355252,0.969,unfavor-type
479,558.9390244,19.52272967,559.6746595,10.74412826,4.894026959,0.97112525,34.63233448,142.007819,0.792978675,0.97125,unfavor-type
454,530.1304348,19.65191395,520.6600062,9.918006101,4.817409605,0.971537,35.13333099,131.7697064,0.787403248,0.97425,unfavor-type
459,519.8433735,15.90547872,524.9801058,9.927910195,4.912524261,0.976332125,42.25136393,133.7938812,0.801514769,0.97475,unfavor-type
513,599.9673913,20.20863176,598.6988767,10.55791676,4.947446822,0.97287675,36.86873808,156.404278,0.79282502,0.96825,favor-type
499,622.7638889,28.1819813,594.5291867,10.76525155,4.910822982,0.973877,38.28044252,150.4100695,0.790461025,0.9665,favor-type
515,596.6395349,19.60027305,589.2589187,10.01080532,4.930245107,0.974552875,39.29717011,157.2681945,0.789576125,0.97025,favor-type
497,557.8636364,15.69523644,561.4926796,10.24344485,5.195906274,0.982605,57.48778385,149.56134,0.836889898,0.974,unfavor-type
457,537.1587302,20.91759759,521.8231704,10.14880168,5.100253742,0.981868375,55.15225469,132.9828068,0.832737534,0.97475,unfavor-type
487,566.8352941,19.33180724,565.7918807,10.13500471,4.745680854,0.963407375,27.32791102,145.3460632,0.766884018,0.97075,favor-type
480,575.6790123,22.41886814,567.7747386,10.4488565,4.669508085,0.961944875,26.27766956,142.4234506,0.756344325,0.96875,favor-type
388,473.6153846,21.81476918,473.3548434,10.20243693,4.479654136,0.959465,24.67003824,106.142754,0.751493059,0.9735,favor-type
486,573,21.06639774,566.0914076,10.65233961,5.036219409,0.9767155,42.94702484,144.9271328,0.814104359,0.97075,favor-type
468,573.8636364,23.69363635,577.5445775,11.10605044,4.63590371,0.962685375,26.79914377,137.4669137,0.753993269,0.96575,favor-type
468,525.9634146,15.39426863,524.3717228,9.47707792,4.701863572,0.962644,26.7694614,137.4669137,0.764721122,0.9755,favor-type
516,578.3364486,15.27982291,590.7846447,10.15337396,4.965518433,0.976025375,41.71076711,157.7008667,0.794978155,0.971,unfavor-type
484,548.2,16.23475724,552.7878554,10.1926306,4.84819896,0.967875875,31.12925255,144.0906868,0.784233642,0.973,favor-type
499,581.9746835,20.26306758,572.7940384,10.293575,4.973669581,0.972303625,36.10580807,150.4100695,0.800577005,0.97125,unfavor-type
495,582.3797468,21.06743235,572.7960435,10.39656802,5.011061006,0.975449875,40.73299016,148.7145035,0.80764193,0.9705,unfavor-type
488,568.6666667,19.21113391,573.8321619,10.7178884,4.822778025,0.96833525,31.58085884,145.7654655,0.779084378,0.96975,favor-type
490,572.7560976,20.03530762,567.2378156,10.51665133,4.953462518,0.9722525,36.03928282,146.605686,0.799667152,0.97075,unfavor-type
466,536.9156627,17.80551907,539.0521921,10.26936842,4.875676043,0.971858,35.53407718,136.6474014,0.793543088,0.97275,unfavor-type
471,535.9468085,16.20888035,544.6631115,10.08820638,4.70702637,0.963811,27.63270607,138.699703,0.764766027,0.97225,favor-type
462,549.8690476,20.83094771,548.3004895,10.25732936,4.322134486,0.934173375,15.1914214,135.0140059,0.704439536,0.9695,unfavor-type
459,521.5394737,16.57140377,519.5601365,9.883467126,4.803548576,0.965474,28.96367955,133.7938812,0.783734577,0.9755,favor-type
457,549.75,23.69493058,522.7642466,9.837438319,4.806236302,0.96924925,32.51953204,132.9828068,0.784732205,0.9735,favor-type
471,540.375,17.27598047,546.1420827,9.852781379,4.664219631,0.961827375,26.19678369,138.699703,0.757811075,0.97225,favor-type
503,615.1590909,24.7568537,612.1993971,11.18931534,4.703642222,0.95713975,23.33164179,152.1132118,0.756140831,0.96475,favor-type
509,587.4705882,19.08505271,584.9629187,10.57805566,5.105460941,0.978457,46.41879033,154.6821521,0.819174252,0.971,favor-type
529,615.010101,19.68761419,624.5496843,11.14316648,5.138983032,0.979272625,48.24537598,163.3689991,0.819485331,0.96725,favor-type
515,599.6969697,19.46436248,605.0395569,10.55462697,4.791475342,0.9685665,31.81319293,157.2681945,0.767352221,0.9675,favor-type
502,637.0428571,30.40217064,603.4195477,11.10650862,5.014756889,0.9763875,42.35044997,151.6867154,0.806412503,0.9655,favor-type
491,573,19.29221893,585.1708672,11.15330903,4.949635441,0.975999,41.66493063,147.0265045,0.798786423,0.969,favor-type
513,633.7894737,27.24947278,606.550109,10.82502642,4.891498036,0.969875125,33.19515849,156.404278,0.783859265,0.966,favor-type
505,595.7857143,21.34877215,589.19177,10.59828637,4.994588979,0.976981125,43.4426096,152.9676271,0.802400529,0.969,unfavor-type
513,586.8095238,17.3475231,600.0845023,10.53721839,4.955875429,0.97419125,38.74654914,156.404278,0.794175699,0.96875,favor-type
324,423,26.36224138,429.3415569,10.77003964,4.485416822,0.97143175,35.00389418,83.22403508,0.77592386,0.97525,unfavor-type
380,481.1111111,26.07931091,475.8931668,10.77653869,4.748672782,0.9741465,38.67948247,103.1739726,0.799416815,0.97375,unfavor-type
451,543.2625,21.88002944,548.2913087,11.12520669,4.819550369,0.97338025,37.56609284,130.5608167,0.788607727,0.9695,unfavor-type
427,512.9859155,21.38946602,512.2319112,10.40311394,4.59625441,0.961670625,26.08965056,121.0409249,0.758860544,0.97225,favor-type
467,565.1081081,23.39354842,557.1311924,10.79680699,4.923254771,0.9760995,41.84012887,137.056923,0.801007327,0.96975,unfavor-type
509,578.0666667,17.12832156,578.9482604,9.751330064,4.920203746,0.97235,36.16636528,154.6821521,0.789449625,0.972,unfavor-type
499,588.7391304,20.68768398,597.2916664,10.96460147,4.908015452,0.9728685,36.85752723,150.4100695,0.790009116,0.96775,unfavor-type
522,584.7878788,15.62923325,590.0071247,10.15402798,5.103033749,0.97832725,46.14089121,160.3069056,0.815484951,0.972,unfavor-type
484,563.7802198,19.00309452,573.6799832,10.56189443,4.782361078,0.96933525,32.61073382,144.0906868,0.773583856,0.96975,favor-type
466,531.7831325,16.84434053,537.8088083,10.19911112,4.926852793,0.976239375,42.08643502,136.6474014,0.801872386,0.97375,unfavor-type
513,612.0116279,22.65649034,603.1456784,10.65977666,4.91330955,0.972913625,36.91893064,156.404278,0.787354545,0.96725,favor-type
515,631.45,26.12808497,611.7588801,11.02657654,4.979474376,0.974958625,39.93390938,157.2681945,0.797460166,0.96575,favor-type
495,606.9130435,24.43161155,605.5473474,11.1894717,4.589859572,0.953846375,21.66677049,148.7145035,0.739756119,0.964,favor-type
475,543.7037037,17.49500841,543.0747907,9.977973032,4.91793814,0.9729135,36.91876027,140.3499991,0.797937197,0.9735,unfavor-type
496,580.4186047,20.09653096,579.4935415,10.68923887,5.018353395,0.97706225,43.59625508,149.1376852,0.808554258,0.96975,unfavor-type
480,575.6235294,22.13428637,575.7875883,10.8401999,4.897355993,0.973826375,38.20640053,142.4234506,0.793250027,0.968,unfavor-type
466,572.9473684,24.81338754,564.90435,10.87723758,4.676869908,0.96074725,25.47592207,136.6474014,0.761186297,0.968,favor-type
487,566.0816327,18.54681198,577.4533373,10.68106372,4.562896875,0.95849225,24.09188645,145.3460632,0.73734682,0.96875,unfavor-type
490,581.5591398,20.94445449,590.5789213,11.05705646,4.796133185,0.969802,33.11477581,146.605686,0.774268535,0.96725,unfavor-type
487,563.4563107,17.88061145,577.6944503,10.7162851,4.635436222,0.9588285,24.28864627,145.3460632,0.749068904,0.9685,favor-type
466,540.4512195,18.5145015,546.8323164,10.8466877,5.002117116,0.9786625,46.86584651,136.6474014,0.814122068,0.97225,unfavor-type
478,568.1612903,20.70491042,575.7220561,10.70839266,4.556271519,0.9551015,22.27245899,141.5926582,0.738502268,0.9675,favor-type
493,580.8690476,20.83095503,574.383475,10.34433976,4.862189669,0.971542,35.13950383,147.8695587,0.784159741,0.9695,favor-type
476,560.6969697,19.46435567,575.6895445,10.96731255,4.372148725,0.929132125,14.11076599,140.7637484,0.709140699,0.9675,unfavor-type
481,556.3703704,18.74051052,554.4434984,10.30491146,4.847149643,0.96829775,31.54350243,142.839553,0.784853273,0.97225,favor-type
469,531.8170732,16.32877147,538.2249908,10.31881552,4.978183847,0.9756005,40.9844464,137.8773739,0.80938146,0.9745,unfavor-type
513,608.325,22.4275915,593.553021,10.39976464,4.900904655,0.969797375,33.10970487,156.404278,0.785366669,0.969,unfavor-type
510,564.009009,13.67832966,578.8249363,9.871583854,4.800500418,0.962222875,26.47104564,155.1119706,0.770000667,0.9725,unfavor-type
505,591.9052632,20.03956986,596.6959473,10.72309008,4.780216548,0.96670875,30.03792288,152.9676271,0.767960748,0.96775,unfavor-type
480,540.5555556,15.22464298,554.2478575,10.35974122,4.935965485,0.97397825,38.4293908,142.4234506,0.799503806,0.9725,favor-type
458,557.4912281,25.3697921,528.2299207,10.20383205,4.898108466,0.970077625,33.41980708,133.3881099,0.799447208,0.97325,unfavor-type
476,570.2134831,21.63455915,572.770368,10.63327666,4.472486541,0.949781,19.91278201,140.7637484,0.725414992,0.9675,unfavor-type
479,549.21,16.91482214,560.9636875,10.26936505,4.470896103,0.93740275,15.97514268,142.007819,0.724418826,0.97025,unfavor-type
431,504.7608696,17.88474967,519.3684437,10.00296251,3.747021271,0.834069375,6.026615039,122.6089124,0.617697742,0.97075,unfavor-type
351,439.3928571,23.26171499,435.9650588,10.01048994,4.430107018,0.968340375,31.58597109,92.66096452,0.755889543,0.975,unfavor-type
434,504.1724138,17.4694488,514.6709852,10.17462445,4.501588081,0.95651025,22.99392386,123.7897941,0.741240749,0.97225,unfavor-type
496,600.5063291,24.13090988,592.3863621,11.12619291,5.009465158,0.973484875,37.71432343,149.1376852,0.807122191,0.96775,unfavor-type
472,555.0232558,19.84773818,560.9138489,10.79145304,4.938631406,0.9738845,38.29143612,139.1115721,0.802119256,0.97,favor-type
333,500.9166667,35.80100492,527.4943703,12.84095895,1.990324868,0.480003,1.923088018,86.33196987,0.342678381,0.961,unfavor-type
473,539.5294118,16.19024577,554.3659218,10.24994088,4.553150404,0.957638875,23.60654964,139.523911,0.739256354,0.97075,favor-type
471,547.9266055,17.72607319,574.8398962,10.78966155,4.420420301,0.94930625,19.72629762,138.699703,0.718200198,0.9675,favor-type
483,606.6338028,28.26789638,582.5621325,11.0257883,4.860440219,0.975228375,40.3687687,143.673171,0.78647688,0.96675,favor-type
490,592.0697674,23.18416707,589.4971571,11.05630612,4.817211873,0.970462375,33.85512545,146.605686,0.777671394,0.96675,favor-type
384,489,24.55270533,508.6759318,11.39448406,4.687897191,0.976326375,42.24110165,104.6546533,0.787796805,0.9685,unfavor-type
335,452.6617647,27.52730924,447.9274668,10.44804243,2.665109087,0.672083875,3.049560311,87.02774469,0.458384805,0.96825,unfavor-type
442,541.6835443,23.27764725,543.2798809,10.59475305,4.457028249,0.952794375,21.18391611,126.9593252,0.731702759,0.9685,unfavor-type
517,585.5840708,16.17333734,603.6781774,10.93584027,5.045712438,0.9790765,47.79315124,158.1340151,0.807566872,0.96875,favor-type
470,542.4299065,17.03611268,562.9043032,10.48192841,4.51092342,0.952990375,21.27223946,138.2883036,0.733157711,0.96875,favor-type
451,551.8791209,22.6496714,554.3348246,10.67847677,3.909246786,0.882184625,8.48785653,130.5608167,0.639657642,0.966,unfavor-type
503,574.4,17.12395393,581.8688145,10.18499226,4.822157989,0.966858375,30.17353555,152.1132118,0.775193005,0.97,favor-type
506,593.5,20.41135482,591.4254671,10.2419798,4.851246801,0.96784025,31.09476908,153.3955464,0.779124425,0.9685,favor-type
384,495.8333333,26.68136387,503.7914242,11.28756274,4.674825553,0.97251375,36.38182728,104.6546533,0.785600128,0.9695,favor-type
495,578.3333333,19.52474221,574.4512798,10.35841785,4.628118828,0.960132625,25.08316637,148.7145035,0.745922434,0.96875,favor-type
448,521.7837838,18.86116232,528.5453452,10.87019647,5.069862756,0.98067075,51.73506473,129.3561352,0.830472477,0.97375,unfavor-type
471,553.56,19.05371457,561.6340066,10.0806055,4.103026163,0.913556375,11.56823305,138.699703,0.66663213,0.96775,unfavor-type
469,594.3043478,28.79199765,568.9901361,10.82693106,4.899639239,0.9772265,43.91068567,137.8773739,0.79661123,0.967,favor-type
484,559.3333333,18.56803769,561.095645,10.48340937,4.966450373,0.97657575,42.6908012,144.0906868,0.803361722,0.97175,unfavor-type
498,594.875,22.70354128,582.2636456,10.16427541,4.792586486,0.96628875,29.66368794,149.9854681,0.771678489,0.96875,favor-type
468,533.9166667,16.30596613,551.5393316,10.87391638,4.994985996,0.979278875,48.25992797,137.4669137,0.812395178,0.97175,unfavor-type
393,499.1643836,24.94026399,510.8404278,11.39050598,4.110190129,0.93441625,15.24767949,108.0133156,0.688035005,0.96875,unfavor-type
483,569.0240964,20.5633549,570.8262695,10.80698052,4.901787501,0.974286375,38.88988814,143.673171,0.793167361,0.97,favor-type
482,552.7802198,17.39447463,555.2351082,9.691727828,4.659139308,0.963239375,27.20301954,143.2561264,0.75415692,0.9715,favor-type
530,616.1111111,20.16885936,609.0089015,10.47884376,5.012529384,0.974607375,39.38151333,163.8083533,0.799079813,0.96875,favor-type
475,556.4,20.23638135,546.1444056,9.815132294,4.807158753,0.96858575,31.8326874,140.3499991,0.779963203,0.97225,favor-type
478,560.88,20.51293618,550.8401516,10.07936233,4.853094468,0.97224075,36.02402803,141.5926582,0.786612751,0.972,favor-type
454,609.6617647,34.28079631,582.6345897,11.67824418,4.717658005,0.969056875,32.31735644,131.7697064,0.771098898,0.9635,unfavor-type
466,556.3797468,21.61109198,549.097282,10.35117082,4.612150274,0.957984625,23.80081101,136.6474014,0.75065282,0.97,favor-type
381,434.475,14.59802384,453.4244147,9.890224573,4.397446146,0.959384,24.62083908,103.5434471,0.739962073,0.97675,favor-type
420,503.6493506,20.51899751,508.8785668,10.37247022,4.11951658,0.886262125,8.792145976,118.3148592,0.682010408,0.9715,unfavor-type
470,531.1111111,16.04803977,535.4885946,10.2001447,5.130860448,0.98307475,59.08332226,138.2883036,0.833915709,0.975,unfavor-type
389,449.3378378,16.24167855,463.0577318,10.16214258,4.561904047,0.964393375,28.08466121,106.5159387,0.764960736,0.97625,favor-type
310,384.8915663,18.54096192,413.6096966,10.61455282,2.145448652,0.52144825,2.089638163,78.46454535,0.373994877,0.972,unfavor-type
453,535.56,19.05371112,555.6172305,10.7777556,4.412434886,0.952518375,21.06077877,131.3662754,0.721470359,0.96775,unfavor-type
532,621.5714286,20.34024674,626.6754615,11.04620861,5.12392502,0.979475375,48.72196203,164.6884976,0.816347946,0.96675,favor-type
519,624.1744186,23.71707372,610.9429708,10.73390677,4.906311772,0.964967125,28.54461702,159.0017411,0.784770826,0.96625,favor-type
332,421.0217391,24.69338363,409.2905461,9.814071974,4.311632167,0.94779175,19.1540609,85.98478066,0.742727291,0.97725,unfavor-type
535,620.6853933,20.14983854,612.9103237,10.41186092,5.189165257,0.980467375,51.19639577,166.0123064,0.826002057,0.969,favor-type
577,624.1428571,12.56599657,628.1239491,9.484295063,5.428372935,0.98522875,67.6990776,185.0010922,0.853807425,0.975,favor-type
559,611.3658537,13.0976246,626.214911,10.15378232,5.096463314,0.974714125,39.54777124,176.7585564,0.805618542,0.9715,favor-type
518,620.7808219,24.32826146,594.8239238,10.31182594,5.072669991,0.97410025,38.6104113,158.5676398,0.811630414,0.96925,favor-type
575,657.1010101,19.02107893,655.8305778,10.70102747,5.396615493,0.985513875,69.03157332,184.0774715,0.84927624,0.968,favor-type
570,660.5172414,21.11394677,646.0157117,10.72576179,5.445356604,0.986416125,73.61669627,181.7769462,0.858126166,0.9685,favor-type
507,566.3478261,16.3154907,551.5111946,9.393064363,5.137324871,0.9795855,48.98479022,153.8239402,0.824807866,0.97725,unfavor-type
448,512.7435897,16.89567879,514.640377,9.781024062,4.754530853,0.96847025,31.71607767,129.3561352,0.77881931,0.97475,favor-type
477,559.2058824,18.90378689,575.7622186,10.71870365,4.588398512,0.9616295,26.06168802,141.1779681,0.743962099,0.9675,unfavor-type
405,495.7183099,22.27815673,501.4778669,10.87695934,4.734323352,0.973957625,38.39895555,112.5499578,0.788543039,0.9715,unfavor-type
518,600.0111111,19.44872525,598.4172978,10.47044857,5.073358539,0.97941975,48.59027466,158.5676398,0.811740582,0.9695,favor-type
504,577.1354167,17.59506742,587.7760508,10.56390645,4.91807463,0.973100875,37.17593044,152.5401824,0.79035988,0.97025,unfavor-type
528,616.1298701,21.34269601,601.9417297,10.59267458,5.177186607,0.97696275,43.40795885,162.9301234,0.825826622,0.97075,favor-type
495,571.6666667,18.65193974,573.7657826,10.51184529,5.009461233,0.974194125,38.75086584,148.7145035,0.807384092,0.971,favor-type
429,542.4375,27.20824756,524.6901288,10.68510312,4.589428594,0.963742125,27.58021533,121.8239872,0.757149421,0.96975,unfavor-type
488,576.2244898,20.11226587,584.5387517,10.86060217,4.650195417,0.962886,26.94401035,145.7654655,0.751204924,0.967,favor-type
401,471.9402985,18.77383971,475.6181716,10.44101197,4.880814255,0.97977625,49.44681377,111.0303386,0.814288566,0.9755,unfavor-type
456,540.1829268,20.29369987,540.6821382,10.36134755,4.566363943,0.950833375,20.33900029,132.577972,0.745834105,0.9705,favor-type
527,598.8811881,17.1686466,600.138411,10.04068524,4.916847437,0.968470375,31.71620341,162.4917259,0.784536477,0.96975,favor-type
525,628.8947368,22.90683002,627.1373106,10.8604595,4.693324161,0.945139875,18.22817575,161.6163648,0.74932552,0.96475,unfavor-type
490,611.625,27.01675861,595.9838403,10.72576838,4.58544669,0.96079425,25.5064627,146.605686,0.740256151,0.965,favor-type
423,499.6351351,19.40479259,507.3646683,10.73859915,5.06323233,0.985697,69.91540236,119.4803838,0.837261571,0.97325,unfavor-type
467,563.1923077,22.73043487,553.6376825,10.4878488,4.623441972,0.961400375,25.90698744,137.056923,0.752228164,0.96925,favor-type
430,498.75,18.01267699,493.7173762,9.555329031,4.596082502,0.964872125,28.46742082,122.2162169,0.75795602,0.975,unfavor-type
390,469.1506849,19.94973528,475.3643373,10.24335321,4.439916964,0.9654845,28.97249062,106.8895871,0.744185009,0.973,unfavor-type
503,576.3333333,17.50327966,585.4233565,10.40683214,4.889584007,0.970541375,33.94591567,152.1132118,0.786032173,0.96975,favor-type
412,496.4366197,21.09669846,504.7023527,10.82578051,4.6082985,0.9615055,25.97773708,115.2272518,0.765367984,0.9725,favor-type
561,624.8272727,15.44751383,631.6438298,10.13006262,5.121798593,0.97695025,43.38441849,177.6666255,0.809166576,0.97025,favor-type
472,547.7764706,18.59554395,547.7125486,10.07585005,4.72827833,0.963321875,27.26420721,139.1115721,0.767954274,0.9715,favor-type
336,435.0923077,24.40108529,433.646342,10.13275535,3.504474018,0.881987375,8.47366966,87.37633013,0.602442333,0.9715,unfavor-type
492,582.7252747,20.91417443,581.6146832,10.43330197,4.682887303,0.965867375,29.29748298,147.4477953,0.755489777,0.96775,favor-type
545,614.2580645,17.03158622,609.814257,10.12132933,5.121963534,0.97616075,41.94762839,170.456197,0.812908691,0.9715,favor-type
500,579.8352941,19.33180995,576.7036521,10.30334831,5.05957906,0.97861275,46.75682942,150.8351444,0.8141429,0.97075,unfavor-type
500,597.1294118,22.39705493,589.1290846,10.56842888,4.681544022,0.957967875,23.79132628,150.8351444,0.753312831,0.96775,favor-type
243,305.3414634,19.33309033,298.5567089,7.754210432,3.111627568,0.86318125,7.308939747,56.96544143,0.566465094,0.982,unfavor-type
478,565.3797468,21.06742814,556.5983294,10.3029085,4.812526097,0.968012375,31.26208964,141.5926582,0.780037235,0.9705,unfavor-type
486,549.59375,15.88528901,555.866569,9.867924388,4.68303222,0.961019875,25.65409936,144.9271328,0.757011686,0.97225,favor-type
411,475.6666667,17.20989449,474.2249809,9.516765251,4.445243253,0.95726325,23.39906521,114.8433921,0.738585097,0.97575,favor-type
409,499.015873,22.85510151,489.4648378,10.28677715,4.816985585,0.97574775,41.23328763,114.0770665,0.800999958,0.97325,unfavor-type
333,414.4516129,21.26268685,421.3351592,9.978496711,3.771332362,0.919604625,12.43852647,86.33196987,0.649318154,0.97475,unfavor-type
507,599.7272727,22.18022701,584.4462273,10.37501412,5.080041972,0.976757375,43.02440021,153.8239402,0.815610981,0.97,favor-type
513,618.1744186,23.7170724,607.0805659,10.6807207,4.824467445,0.967300625,30.58162427,156.404278,0.773117658,0.96625,favor-type
