Species,fc,auroc,p.val,p.adj,cohen.d
Arthroderma uncinatum,-0.014078431,0.490612611,0.659270855,0.700536691,-0.143400532
Aspergillus costaricensis,0.005532406,0.499042795,0.964344081,0.972528048,-0.145186795
Candida parapsilosis,0.025539231,0.507514433,0.725634072,0.759731415,-0.118664371
Aspergillus fischeri,-0.041885347,0.464255566,0.095053415,0.123673513,-0.227158403
Aspergillus fumigatus,0.048144288,0.512277846,0.564780084,0.613853963,-0.102599965
Boeremia exigua,0.195707358,0.62389017,7.21E-09,4.72E-08,0.364572751
Rachicladosporium antarcticum,0.147436989,0.669319706,2.63E-15,5.85E-14,0.517321657
Puccinia graminis,0.24478499,0.669086058,2.85E-15,6.17E-14,0.494521681
Cladophialophora psammophila,0.183616946,0.587052865,4.77E-05,0.000129288,0.090976677
Tolypocladium ophioglossoides,-0.137032866,0.395770211,1.13E-06,4.52E-06,-0.421010659
Torulaspora delbrueckii,-0.096517213,0.397066582,1.53E-06,6.00E-06,-0.395026628
Ogataea angusta,0.234632696,0.636085108,2.08E-10,1.90E-09,0.296142881
Fomitopsis pinicola,-0.04789759,0.447756976,0.014694754,0.02243546,-0.266388656
Testicularia cyperi,-0.039540857,0.455109363,0.036042299,0.051191552,-0.230941332
Aspergillus saccharolyticus,0.043533991,0.511697493,0.584847404,0.632771167,-0.142698387
Candida maltosa,0.257456734,0.56921268,0.000693923,0.001450931,-0.075219853
Alternaria arborescens,0.030832421,0.511512836,0.564153758,0.613853963,-0.085298612
Aspergillus tubingensis,0.260337192,0.566231779,0.001948252,0.003577482,-0.070240348
Alternaria burnsii,0.262941445,0.583122296,6.52E-05,0.000169782,0.123168075
Daedalea quercina,0.141504042,0.545542592,0.033328588,0.047526566,-0.056143103
Aspergillus turcosus,0.135257037,0.532944422,0.121569189,0.154096908,-0.046232387
Daldinia caldariorum,0.320626807,0.60767045,4.62E-07,2.09E-06,0.203981723
Puccinia coronata,0.13205833,0.569167458,0.00123623,0.002382249,0.120324353
Aspergillus lentulus,0.234908215,0.568594643,0.00118977,0.00231146,-0.005085339
Pseudogymnoascus sp. 24MN13,0.005276806,0.495779255,0.843738225,0.866837686,-0.137327511
Aspergillus sclerotiicarbonarius,0.282251071,0.59173337,1.79E-05,5.27E-05,0.172822341
Colletotrichum simmondsii,0.048914208,0.492285835,0.71856888,0.754408949,-0.173382793
Uncinocarpus reesii,0.177841011,0.563544823,0.002995862,0.005172034,0.024420791
Pisolithus tinctorius,0.213197397,0.610621203,2.39E-07,1.12E-06,0.092432191
Thyridium curvatum,0.13834044,0.644070607,1.72E-11,1.88E-10,0.23379783
Paxillus involutus,0.167655291,0.655266887,4.13E-13,6.55E-12,0.405886785
Encephalitozoon romaleae,0.340007321,0.593723149,7.85E-06,2.51E-05,-0.035147693
Trichoderma longibrachiatum,0.201293595,0.538148751,0.058042777,0.07973892,-0.074204087
Dacryopinax primogenitus,0.197552707,0.555306833,0.000935158,0.00185836,0.038169423
Aspergillus chevalieri,0.173102298,0.548184326,0.022794165,0.033718339,0.007351098
Colletotrichum gloeosporioides,0.109726831,0.567196521,0.001700065,0.003198276,-0.007510235
Capronia coronata,0.129426051,0.574420778,0.000509739,0.001101344,0.105784186
Coniophora puteana,0.266907821,0.591876573,1.70E-05,5.02E-05,0.309244405
Elsinoe australis,0.059167187,0.458097801,0.050184954,0.069344713,-0.293773331
Thermothielavioides terrestris,-0.180209897,0.364890939,2.79E-10,2.46E-09,-0.48738491
Daldinia vernicosa,0.119994501,0.538148751,0.074707458,0.100124846,-0.051105928
Aspergillus arachidicola,0.115035852,0.53769276,0.05677911,0.078153485,0.020928071
Aspergillus taichungensis,0.037603635,0.47850058,0.314883393,0.368052228,-0.224602811
Aspergillus parasiticus,0.209395141,0.597363542,5.42E-06,1.79E-05,0.049026999
Cantharellus anzutake,0.151188146,0.546918102,0.007410741,0.011794327,0.077233463
Colletotrichum salicis,0.452848326,0.67619726,6.60E-17,2.14E-15,0.548837062
Epithele typhae,0.061285702,0.537621158,0.078911476,0.105166136,-0.060881643
Rhizopus microsporus,0.098379904,0.536931518,0.084566513,0.112074208,-0.108098537
Dothidotthia symphoricarpi,-0.074553008,0.436025566,0.002810798,0.004888046,-0.287882518
Diaporthe batatas,-0.022998818,0.471702166,0.186318571,0.227474557,-0.124468695
Aspergillus cristatus,0.056000044,0.512556716,0.543047408,0.594766209,-0.06700433
Aureobasidium namibiae,0.106598311,0.524111006,0.260082523,0.31061782,-0.197577629
Exophiala xenobiotica,0.225760567,0.571922248,8.00E-05,0.000205121,0.04849165
Aspergillus ruber,0.2750574,0.578720662,0.000180035,0.000429314,-0.044011211
Colletotrichum incanum,-0.061025292,0.439500143,0.004721863,0.007866094,-0.284459996
Aspergillus novofumigatus,0.184437516,0.569069476,6.44E-05,0.000168101,0.161881302
Aspergillus fijiensis,-0.025951093,0.479763035,0.319706957,0.372469053,-0.11213438
Aureobasidium pullulans,0.278873494,0.594653974,1.07E-06,4.34E-06,0.128930334
Debaryomyces hansenii,0.101473452,0.539999096,0.002805657,0.004888046,0.042793436
Fusarium musae,0.049442892,0.498289091,0.936282245,0.948251762,-0.094538007
Lachancea nothofagi,0.211767379,0.567754262,0.001505383,0.002847051,0.134007929
Elaphomyces granulatus,-0.012845032,0.48064487,0.3660434,0.418251514,-0.201828467
Rhynchosporium agropyri,0.072572368,0.536396388,0.089167515,0.117389156,-0.122880601
Fulvia fulva,0.120442184,0.525690016,0.229717879,0.276670351,0.002534611
Colletotrichum scovillei,0.570724107,0.688064336,1.12E-18,5.34E-17,0.4347256
Aspergillus japonicus,0,0.504529764,0.52519181,0.57889244,0.173385692
Blastomyces dermatitidis,0.200735262,0.584256621,2.95E-05,8.36E-05,0.05476274
Podila verticillata,0.27370772,0.558615596,0.005864552,0.00956848,-0.059336577
Dothistroma septosporum,0.14122989,0.58772743,4.18E-05,0.000114698,0.067534381
Galerina marginata,0.213089173,0.594823558,9.40E-06,2.94E-05,0.126631398
Aspergillus neoniger,0.309251437,0.565794631,0.001775111,0.003295975,0.097824061
Cryptococcus neoformans,-0.079663413,0.438377124,0.004003589,0.006748367,-0.352640118
Aspergillus niger,0.045337385,0.516302627,0.388691196,0.438507631,-0.026998837
Aspergillus nomiae,0.013214572,0.5207834,0.144519205,0.180775778,0.405837798
Aspergillus puulaauensis,0.117543309,0.545749861,0.01722505,0.025965033,-0.015128329
Aspergillus ochraceoroseus,0.028361513,0.504850088,0.751549518,0.782269791,-0.035123188
Aspergillus oryzae,0.288100589,0.568918736,6.48E-06,2.10E-05,0.244672391
Candida tropicalis,0.174981935,0.565398936,0.000690562,0.001448149,0.045761295
Neofusicoccum parvum,0.113971402,0.487420673,0.552436408,0.603196262,-0.201601935
Aspergillus pseudonomiae,0.308029125,0.589679525,2.20E-05,6.37E-05,0.016143664
Claviceps purpurea,0.145848265,0.540907309,0.055722146,0.076846983,0.058519272
Aspergillus pseudoviridinutans,0.27945657,0.604734771,3.95E-07,1.82E-06,0.135830646
Aspergillus sclerotioniger,0.272056017,0.590290025,2.16E-05,6.29E-05,-0.009765814
Aspergillus rambellii,0.110407844,0.520474382,0.294600529,0.346617454,-0.063960225
Bipolaris oryzae,0.395857246,0.64600009,1.25E-12,1.75E-11,0.239550351
Fusarium coffeatum,0.025451672,0.505072431,0.812729934,0.839820932,-0.143419697
Helicocarpus griseus,0.020271502,0.507887517,0.712602137,0.750495308,-0.064550987
Candida orthopsilosis,0.056554801,0.524830793,0.246192287,0.296011974,-0.066860788
Gonapodya prolifera,0.115561136,0.594186678,1.09E-05,3.32E-05,0.152802315
Aspergillus sydowii,0.195288328,0.566921419,0.001724354,0.003229621,0.156937926
Stereum hirsutum,0.137314861,0.59670405,6.29E-06,2.05E-05,0.251587972
Hypoxylon sp. CO27-5,0.034943412,0.512349448,0.564108708,0.613853963,-0.138381742
Cucurbitaria berberidis,0.146454056,0.651343855,1.57E-12,2.12E-11,0.311252972
Phaeomoniella chlamydospora,0.40876026,0.629859509,1.18E-09,8.58E-09,0.153193667
Phanerochaete carnosa,-0.006628865,0.45203048,0.024943404,0.036518783,-0.249749835
Coniosporium apollinis,-0.030697279,0.468947376,0.146983149,0.183215009,-0.229999323
Acidomyces sp. richmondensis,0.231652685,0.565470538,0.002146607,0.003874761,-0.070571667
Botrytis sinoallii,0.254074347,0.594966762,9.07E-06,2.85E-05,0.069063117
Lachancea sp. PJ-2012a,0.156150093,0.540398559,0.058868075,0.080717187,-0.020245092
Eremomyces bilateralis,0.130597009,0.552879905,0.006413732,0.010334412,0.096478538
Guyanagaster necrorhizus,0.185557266,0.536351166,0.089400157,0.117389156,-0.134006116
Leptosphaeria maculans,0.179841509,0.534112664,0.086722425,0.114505721,0.089939139
Aspergillus viridinutans,0.143593153,0.5536826,0.005882231,0.009575412,0.092433171
Aspergillus welwitschiae,0.113813834,0.548244622,0.005249187,0.008663589,0.184858215
Colletotrichum truncatum,0.066037543,0.546292528,0.030622894,0.044109341,0.123105856
Coprinopsis cinerea,0.356520296,0.618214776,3.18E-08,1.91E-07,0.478851663
Zasmidium cellare,0.184198234,0.608118904,4.43E-07,2.01E-06,0.195463516
Cyberlindnera jadinii,0.19869022,0.577382837,0.000300298,0.000686258,-0.004406358
Lichtheimia ramosa,0.200583775,0.641647447,3.71E-11,3.83E-10,0.423128892
Naumovozyma castellii,0.047553537,0.527683565,0.196056982,0.238547147,0.003177066
Gymnopus luxurians,0.275207889,0.719938498,9.46E-25,1.69E-22,0.729410904
Colletotrichum orbiculare,0.207259524,0.570765312,0.000789154,0.001617882,0.109460508
Kluyveromyces marxianus,0.454515908,0.695729511,5.99E-20,3.56E-18,0.279451759
Beauveria bassiana,-0.048424555,0.487036283,0.544898652,0.595878434,-0.305345877
Penicillium antarcticum,0.188096808,0.708338986,2.25E-22,2.68E-20,0.647712733
Filobasidium floriforme,0.30656631,0.631212409,8.70E-10,6.67E-09,0.349092512
Candida dubliniensis,0.211446344,0.561788691,0.002572586,0.004540232,0.119396553
Diplodia corticola,0.232335501,0.568647402,0.001232897,0.002382249,0.156019659
Bipolaris victoriae,0.041095457,0.5297864,0.002186706,0.003927258,0.095120402
Ustilaginoidea virens,0.101689801,0.533174302,0.059043208,0.080801934,0.078082835
Debaryomyces fabryi,0.273151299,0.562451951,0.002532798,0.004481104,0.039974454
Blastomyces gilchristii,0.207728331,0.559090429,0.001080416,0.002116309,0.135326275
Blastomyces percursus,0.476289093,0.624059754,5.99E-09,3.95E-08,0.303659436
Suillus fuscotomentosus,0.093561965,0.522565911,0.291844959,0.343942902,-0.049918238
Paxillus rubicundulus,0.18608377,0.576161835,0.000373355,0.000831881,0.053563144
Exserohilum turcicum,0.135422752,0.58609566,5.80E-05,0.000153743,0.12865171
Malassezia vespertilionis,0.236658958,0.676238713,1.86E-16,5.30E-15,0.261763773
Alternaria rosae,0.026830876,0.505882663,0.783521594,0.813174522,-0.090614065
Botrytis deweyae,0.090662838,0.567418864,0.001640771,0.003094893,0.110438694
Stachybotrys chartarum,0.381256465,0.612584603,1.38E-07,7.09E-07,0.199965989
Lobosporangium transversale,0.033539251,0.507156424,0.733832452,0.767188472,-0.077850963
Gloeophyllum trabeum,0.0291663,0.486587829,0.530942746,0.583985919,-0.185599218
Colletotrichum sublineola,0.201702581,0.56230121,0.003493716,0.005973668,0.11087971
Macroventuria anomochaeta,0.057894836,0.528900797,0.177110453,0.216715844,-0.09484449
Aspergillus candidus,0.266463113,0.600649693,2.41E-06,8.86E-06,0.273386982
Dissoconium aciculare,0.129100455,0.546985936,0.028192541,0.040773391,0.000268983
Brettanomyces bruxellensis,0.035950437,0.521687846,0.311130815,0.364263171,-0.008644934
Diutina rugosa,0.309636913,0.63789023,1.18E-10,1.12E-09,0.262205914
Kalmanozyma brasiliensis,-0.008604062,0.476137717,0.265107683,0.31608993,-0.160859697
Cryptococcus depauperatus,-0.128486375,0.431850043,0.001426237,0.002733621,-0.275195786
Ogataea haglerorum,0.208943501,0.645148404,1.21E-11,1.37E-10,0.224878391
Hypsizygus marmoreus,0.212460558,0.600005276,2.99E-06,1.06E-05,0.212265209
Malassezia globosa,0.415858817,0.646972369,4.16E-12,5.30E-11,0.370430757
Sparassis crispa,0.286088602,0.575732224,0.000396745,0.000870398,0.160808737
Cercospora beticola,0.332442849,0.586540346,2.67E-05,7.65E-05,0.0343119
Paracoccidioides brasiliensis,0.334452941,0.602255084,1.45E-06,5.74E-06,0.135091914
Neohortaea acidophila,0.043197701,0.523711542,0.268107465,0.318601038,0.053062934
Madurella mycetomatis,0.079308523,0.554530517,0.010875725,0.016968035,0.10231379
Endocarpon pusillum,0.03629548,0.521695383,0.310937006,0.364263171,-0.001241236
Cladophialophora bantiana,0.119788261,0.523297005,0.275746215,0.326589786,0.039250985
Purpureocillium takamizusanense,-0.094068799,0.411782662,3.79E-05,0.000105174,-0.373975706
Didymella exigua,0.040914539,0.519219464,0.369410065,0.420749802,-0.092402995
Microbotryum intermedium,0.238271986,0.588590422,3.47E-05,9.66E-05,0.126697523
Phialophora americana,0.185681281,0.564958019,0.002392817,0.00425456,0.100238292
Exophiala mesophila,0.161633896,0.566020742,0.002042712,0.003724945,-0.02291828
Cryphonectria parasitica,0.062580138,0.536098675,0.091785779,0.120079377,-0.055128352
Hirsutella rhossiliensis,0.143371909,0.557160946,0.007578129,0.012033866,0.05665999
Coccidioides immitis,0.09986565,0.604286317,1.11E-06,4.49E-06,0.212497733
Coccidioides posadasii,0.239528771,0.576267354,0.000181882,0.000432273,0.053135281
Blumeria graminis,0.106719778,0.491758242,0.700136322,0.738457393,-0.206897757
Diaporthe citri,0.031868445,0.524159996,0.259192086,0.310073753,-0.044607412
Talaromyces stipitatus,0.245538798,0.611732917,1.79E-07,8.71E-07,0.064576646
Colletotrichum fructicola,0.20926412,0.566341066,0.000614286,0.001305789,0.035243879
Erysiphe necator,0.159286108,0.55906405,0.005799701,0.009484373,-0.040843181
Ustilago maydis,0.222844332,0.582719064,0.000111541,0.000276394,0.073193411
Trichoderma citrinoviride,0.247305568,0.673140988,6.17E-16,1.57E-14,0.415946305
Pichia kudriavzevii,0.304522812,0.63036826,1.11E-09,8.23E-09,0.232764883
Neurospora crassa,-0.010245792,0.499577926,0.984273583,0.988432486,-0.022216402
Colletotrichum nymphaeae,0.062489558,0.518073833,0.375525338,0.424999311,0.030325341
Cylindrobasidium torrendii,0.041882283,0.540372179,0.059371551,0.081095624,0.11510414
Ophiostoma piceae,0.186633569,0.638651472,9.45E-11,9.11E-10,0.430192129
Fibroporia radiculosa,0.067545914,0.548546104,0.023379298,0.034440991,0.145166902
Penicilliopsis zonata,0.298411924,0.588484903,6.30E-06,2.05E-05,0.079423984
Lachancea meyersii,0.391280652,0.65995116,7.83E-14,1.36E-12,0.54065739
Exophiala aquamarina,0.364606661,0.598931247,2.66E-06,9.63E-06,0.066092887
Emmonsia crescens,0.112512272,0.520855002,0.329835999,0.380268183,-0.037005239
Grosmannia clavigera,0.038375085,0.532473357,0.129381127,0.162983645,0.005103617
Fusarium mangiferae,0.062722237,0.550607486,0.01810632,0.027178539,0.035124777
Fonsecaea erecta,0.050512709,0.529010085,0.175478726,0.215346526,-0.013186931
Aspergillus terreus,0.159537153,0.644997664,1.27E-11,1.42E-10,0.466228853
Hanseniaspora guilliermondii,0.255074083,0.601991287,1.87E-06,7.19E-06,0.194490358
Hanseniaspora osmophila,0.167620258,0.575592789,0.000413729,0.000904873,-0.039860444
Polytolypa hystricis,0.252183338,0.61580669,6.32E-08,3.47E-07,0.037134946
Linnemannia elongata,0.091656006,0.558359336,0.00642096,0.010334412,0.016108064
Kazachstania africana,-0.035183101,0.472945779,0.206421036,0.249878096,-0.078774381
Heterobasidion irregulare,0.08467129,0.571869489,0.000789653,0.001617882,0.140030875
Phialocephala subalpina,0.099093226,0.566393826,0.001930751,0.003557172,0.083727304
Tulasnella calospora,0.128250239,0.599421155,3.43E-06,1.18E-05,0.126585914
Talaromyces amestolkiae,0.068653873,0.528987473,0.1231381,0.155669265,0.016419686
Cryptococcus wingfieldii,0.069040719,0.520493224,0.33844442,0.387959601,-0.08691067
Ceratocystis platani,0.345729593,0.582402508,5.06E-07,2.25E-06,0.397020626
Cryptococcus gattii VGII,0.086985161,0.530012511,0.108994931,0.14027687,-0.045224449
Cryptococcus gattii VGIII,0.116664186,0.548873966,0.001126578,0.002200684,0.079274868
Cryptococcus gattii VGIV,0.149320803,0.557206168,0.000462719,0.001005849,0.090068273
Hesseltinella vesiculosa,-0.017606279,0.462288397,0.078190085,0.104399871,-0.205174294
Enterospora canceri,0.000605845,0.48972324,0.626288411,0.670485941,-0.155332346
Annulohypoxylon truncatum,-0.023753018,0.472527473,0.199487476,0.242307615,-0.217928789
Rhizophagus irregularis,0.093241316,0.57183934,0.000793681,0.001620521,0.021585793
Marasmius oreades,0.111218401,0.562240914,0.003648301,0.006208207,0.032800009
Fusarium poae,0.031598273,0.514207329,0.506972447,0.562163849,-0.038499614
Exophiala sideris,0.056710652,0.50379867,0.859142672,0.877505885,-0.048451558
Aspergillus bombycis,0.12294269,0.601949833,1.92E-06,7.30E-06,0.242411667
Morchella sextelata,0.170061204,0.601475,2.15E-06,8.01E-06,0.225237643
Dactylellina haptotyla,0.2303765,0.576629132,0.000327092,0.000742958,0.022116854
Penicillium decumbens,0.189844009,0.562323822,0.003589796,0.006123264,0.085286915
Pachysolen tannophilus,0.287774044,0.617570358,3.95E-08,2.27E-07,0.15312571
Lichtheimia corymbifera,0.276791566,0.589038876,3.20E-05,8.97E-05,-0.067568966
Ophiocordyceps unilateralis,0.005487152,0.494087189,0.782443643,0.813174522,-0.135961186
Piloderma croceum,0.114573303,0.520824854,0.330134649,0.380268183,-0.135699987
Hypholoma sublateritium,0.192754677,0.56416286,0.002697618,0.004714219,-0.022264554
Podospora anserina,0.339982979,0.589415728,2.85E-05,8.10E-05,0.121520662
Metschnikowia bicuspidata,0.077590678,0.547912992,0.025245033,0.036884649,0.012313016
Puccinia triticina,0.308429772,0.702313119,3.44E-21,3.50E-19,0.579931129
Metarhizium rileyi,0.082076426,0.580359969,0.000174791,0.000418209,0.115926208
Cyphellophora europaea,0.229227413,0.684589759,6.66E-18,2.64E-16,0.572555109
Wolfiporia cocos,0.11816615,0.604700855,1.01E-06,4.14E-06,0.206585484
Microdochium trichocladiopsis,0.186860401,0.611804519,1.77E-07,8.71E-07,0.168796726
Diplocarpon rosae,0.079154665,0.610877463,2.24E-07,1.06E-06,0.274465348
Serpula lacrymans,0.166982407,0.589645608,2.83E-05,8.07E-05,0.123685682
Fusarium oxysporum,0.053484877,0.529624354,0.166511352,0.205047658,-0.079310707
Lachancea thermotolerans,0.177743898,0.550566032,0.018152171,0.027190121,0.017832788
Melampsora larici-populina,0.024079309,0.511931142,0.577390339,0.62565245,-0.073521018
Pochonia chlamydosporia,0.098520262,0.559120578,0.005760833,0.009442469,0.066699031
Xylaria bambusicola,0.083845801,0.548244622,0.024247211,0.035572555,0.047718386
Chaetomium globosum,0.016529764,0.500595427,0.977815828,0.98333242,-0.091858876
Drechslerella stenobrocha,0.216605847,0.561430682,0.003732774,0.006336829,0.089402451
Trichoderma harzianum,0.119848384,0.571771507,0.000802735,0.001630628,0.042220251
Bifiguratus adelaidae,0.143030449,0.649625409,2.79E-12,3.69E-11,0.372388408
Wickerhamomyces ciferrii,0.146190799,0.585017863,7.17E-05,0.000185981,0.153161142
Cordyceps sp. RAO-2017,-0.047425058,0.473100288,0.209025122,0.252601546,-0.201715369
Fistulina hepatica,0.083518084,0.553562007,0.012368666,0.019171433,-0.03307165
Encephalitozoon cuniculi,0.036059327,0.517806268,0.092515809,0.120591904,0.088118156
Encephalitozoon hellem,0.066823787,0.550015828,8.31E-06,2.65E-05,0.174906885
Encephalitozoon intestinalis,0.137052572,0.573384434,5.71E-05,0.000151799,0.056594318
Hanseniaspora valbyensis,0.172772724,0.582817046,7.48E-06,2.40E-05,0.073150071
Hebeloma cylindrosporum,0.090914922,0.529688419,0.152893196,0.189587563,0.038877539
Enterocytozoon bieneusi,0.152435401,0.700997905,6.18E-21,4.90E-19,0.680106594
Enterocytozoon hepatopenaei,0.083433096,0.541498967,0.001079743,0.002116309,0.10999084
Fomitiporia mediterranea,0.202417531,0.590629192,2.29E-05,6.61E-05,0.244462169
Aspergillus udagawae,0.117656507,0.574857927,0.000472313,0.001023585,0.176745684
Histoplasma mississippiense (nom. inval.),0.007864685,0.495345875,0.827932816,0.853057945,-0.209311478
Pyrenophora tritici-repentis,0.150890755,0.581905063,0.00013048,0.000317517,0.198539933
Eremothecium cymbalariae,0.354817665,0.61746484,3.86E-08,2.24E-07,0.260120341
Exophiala oligosperma,-0.075167828,0.452177452,0.025524301,0.037140462,-0.167812233
Aspergillus luchuensis,0.091456345,0.514041514,0.511680304,0.566503193,-0.030601248
Kwoniella bestiolae,0.169551189,0.555152324,0.00988676,0.015492879,-0.005200255
Erysiphe pulchra,-0.099170646,0.321545396,0,0,-0.519174687
Colletotrichum orchidophilum,0.078257502,0.570591959,0.000978158,0.001926594,0.055556059
Trichoderma asperellum,0.106452701,0.571266525,0.00087385,0.001755085,0.097695262
Ophiocordyceps sinensis,0.10716732,0.583077074,0.000104539,0.000260809,0.040498761
Hypoxylon sp. CI-4A,-0.057271231,0.449550792,0.018467151,0.027603939,-0.171610058
Exophiala dermatitidis,0.190439965,0.552804534,0.013230024,0.020417764,0.001466365
Meyerozyma guilliermondii,0.232145556,0.64618098,8.67E-12,9.97E-11,0.3186901
Diaporthe helianthi,0.200303597,0.576651743,0.000342698,0.0007708,0.025517451
Fonsecaea pedrosoi,0.311265475,0.634818885,2.98E-10,2.59E-09,0.241254116
Penicillium nordicum,-0.09534904,0.408635946,1.98E-05,5.79E-05,-0.339374347
Histoplasma capsulatum,0.106504768,0.504137837,0.846206977,0.866875825,-0.136364194
Tortispora caseinolytica,-0.01029091,0.492304677,0.71930891,0.754408949,-0.044946034
Lachancea mirantina,0.117193512,0.601011471,2.39E-06,8.83E-06,0.334137589
Millerozyma farinosa,0.061975032,0.520711798,0.333400737,0.382793439,-0.076562073
Leucoagaricus sp. SymC.cos,0.179584036,0.582719064,0.000111643,0.000276394,0.011812845
Fusarium redolens,0.35260437,0.682132682,1.77E-17,6.00E-16,0.454505994
Fusarium flagelliforme,0.130632289,0.519490797,0.362498555,0.414865923,-0.111942849
Colletotrichum graminicola,0.160222687,0.617834155,3.73E-08,2.18E-07,0.197662967
Fibularhizoctonia sp. CBS 109695,-0.129751402,0.381604335,3.22E-08,1.91E-07,-0.435790868
Fonsecaea monophora,0.229280966,0.57617691,0.000242467,0.000566817,0.083955278
Colletotrichum chlorophyti,0.003621244,0.48401016,0.455212393,0.511128246,-0.147860044
Aspergillus uvarum,0.309349421,0.587188532,4.29E-05,0.00011707,0.17850222
Fusarium tjaetaba,0.126892313,0.548222011,0.001780405,0.003297218,0.064893716
Pseudogymnoascus sp. 03VT05,0.137023538,0.570991423,0.000914326,0.001831219,0.087027417
Komagataella pastoris,0.136874802,0.553467794,0.012498597,0.019330802,0.041319366
Fusarium culmorum,0.377733455,0.602100574,1.75E-06,6.77E-06,0.100900934
Metarhizium majus,0.254479084,0.576730882,0.000233988,0.000548793,0.057272579
Capronia epimyces,0.296779718,0.568440133,0.000936603,0.00185836,0.037498771
Rasamsonia emersonii,0.288177869,0.57069371,0.000734736,0.001522869,0.017150037
Exidia glandulosa,0.092262162,0.511252808,0.598790668,0.645896742,-0.169310933
Morchella importuna,0.279155067,0.578973153,8.25E-05,0.000210053,0.037717296
Kwoniella pini,0.216651708,0.556463769,0.006798039,0.010892139,0.327650021
Fusarium nygamai,0.34651795,0.582119869,8.03E-05,0.000205129,-0.042861244
Fusarium odoratissimum,0.10105838,0.547057538,0.002956523,0.005116507,-0.044281909
Epicoccum nigrum,0.327664991,0.675888241,2.10E-16,5.75E-15,0.59708846
Ilyonectria robusta,0.136886684,0.545610425,0.031392288,0.045035616,-0.023109896
Fusarium proliferatum,0.464739671,0.605462096,1.23E-07,6.38E-07,0.087505394
Rhodotorula sp. JG-1b,0.06869503,0.496747765,0.879036805,0.895361774,-0.184113973
Lachnellula hyalina,-0.110522025,0.428484753,0.000838071,0.00169276,-0.299276138
Daldinia childiae,-0.074680034,0.427742354,0.000739416,0.001528126,-0.313525611
Fusarium subglutinans,0.317341725,0.588590422,3.35E-05,9.36E-05,-0.02555344
Metarhizium robertsii,0.033847494,0.489342619,0.612512142,0.656723545,-0.194680904
Dichomitus squalens,0.070583681,0.496231478,0.860275756,0.877505885,-0.159933658
Fusarium venenatum,0.506432596,0.6060123,6.08E-07,2.66E-06,0.047070975
Fusarium verticillioides,0.509704524,0.617291488,3.92E-10,3.25E-09,0.282464249
Fusarium graminearum,0.116261358,0.576045011,0.000383168,0.000848443,0.018480601
Rachicladosporium sp. CCFEE 5018,0.223680251,0.586547883,5.17E-05,0.000139748,0.092615094
Fonsecaea nubica,0.136590737,0.629516574,1.46E-09,1.04E-08,0.345888803
Sporothrix schenckii,0.263346123,0.599730174,3.19E-06,1.10E-05,0.107374823
Malassezia restricta,0.184392644,0.665325073,1.16E-14,2.35E-13,0.5353564
Candida albicans,-0.088803796,0.423201284,0.000334365,0.000756831,-0.366568334
Lindgomyces ingoldianus,0.201115922,0.633322781,4.77E-10,3.87E-09,0.431643729
Sporisorium graminicola,0.0636857,0.551583533,0.015995583,0.024265639,0.033886464
Grifola frondosa,0.080898284,0.505411598,0.799995734,0.829065347,-0.119535973
Sporothrix insectorum,0.108019651,0.606287403,6.91E-07,2.92E-06,0.159645298
[Torrubiella] hemipterigena,0.270447173,0.592196898,1.58E-05,4.71E-05,0.166545846
Stagonospora sp. SRC1lsM3a,0.092499018,0.557703613,0.007042344,0.01123309,0.058990393
Laccaria bicolor,0.349552822,0.601938528,9.43E-07,3.89E-06,0.248319725
Hanseniaspora opuntiae,0.23796251,0.59002246,1.42E-05,4.29E-05,0.23206401
Neolecta irregularis,0.366026098,0.615539125,3.20E-08,1.91E-07,0.171696667
Microsporum canis,0.292663656,0.5930825,6.26E-06,2.05E-05,-0.034051557
Kwoniella shandongensis,0.333477854,0.6261852,1.78E-09,1.23E-08,0.194161537
Lodderomyces elongisporus,0.321199267,0.607319978,5.09E-07,2.25E-06,0.07283354
Metarhizium album,0.288649454,0.613534271,1.13E-07,5.91E-07,0.219534749
Hepatospora eriocheir,0.156333866,0.573682148,9.33E-05,0.000234355,0.064082239
Diplodia seriata,-0.006168373,0.485453504,0.496919367,0.553599232,-0.158131087
Drechmeria coniospora,0.18297663,0.638760759,9.15E-11,8.94E-10,0.363867829
Cryptococcus gattii VGI,0.105976744,0.533539848,0.117258534,0.149295241,-0.037510225
Thielaviopsis punctulata,0.205484512,0.620246009,1.96E-08,1.22E-07,0.290641607
Mollisia scopiformis,0.075534258,0.547701955,0.025897326,0.037606504,0.055815902
Naematelia encephala,0.573953836,0.675500083,7.27E-17,2.25E-15,0.527097137
Neurospora tetrasperma,0.218889025,0.555156092,0.002280293,0.004074809,0.032921247
Parastagonospora nodorum,0.19844446,0.66946291,2.49E-15,5.73E-14,0.233823551
Cladophialophora carrionii,0.067218357,0.553618535,0.012277948,0.019072281,0.044229482
Pseudogymnoascus destructans,0.144616269,0.552167654,0.01482601,0.022587489,0.056529922
Cercospora kikuchii,0.160024477,0.566981715,0.00175374,0.003264795,0.081721291
Lomentospora prolificans,0.089996548,0.529903224,0.162416268,0.200698092,0.002194418
Hyphopichia burtonii,0.040226338,0.513099383,0.531566425,0.583985919,-0.055075255
Neolentinus lepideus,0.125184135,0.586253938,5.62E-05,0.000150667,0.137774406
Ustilago bromivora,0.39054657,0.655704035,3.45E-13,5.59E-12,0.383313594
Suillus clintonianus,0.379880746,0.677987308,8.95E-17,2.66E-15,0.455322812
Meira miltonrushii,0.030049072,0.521126336,0.323824887,0.375426251,-0.041764392
Jaapia argillacea,0.273045612,0.584019204,7.26E-05,0.000187618,0.095105888
Hermanssonia centrifuga,0.050371533,0.534154117,0.110700025,0.141909623,-0.022514764
Lachancea quebecensis,0.266297722,0.675123231,2.87E-16,7.59E-15,0.491922256
Rhizopus delemar,0.323449705,0.610885,1.82E-07,8.75E-07,0.304725373
Yarrowia lipolytica,0.060481042,0.530660697,0.152166084,0.189014666,-0.065012358
Hypoxylon sp. EC38,0.398437761,0.629173638,1.50E-09,1.06E-08,0.093283978
Phlebiopsis gigantea,0.128651858,0.525836989,0.226404418,0.273141032,-0.080075126
Pseudogymnoascus sp. 23342-1-I1,-0.095993753,0.423796711,0.000370338,0.000827746,-0.253878562
Kockovaella imperatae,0.386008063,0.617638192,1.73E-08,1.10E-07,0.140623578
Ogataea philodendri,0.181858157,0.575988483,0.00038616,0.000852422,0.128047842
Kazachstania naganishii,0.073978174,0.510951326,0.604499398,0.651069594,-0.104562171
Aspergillus melleus,0.225340594,0.600137174,2.90E-06,1.03E-05,0.204824136
Penicillium italicum,0.176131242,0.568183874,0.001447164,0.002751542,0.02165492
Komagataella phaffii,0.222829123,0.564064879,0.002681151,0.004696955,0.082923796
Kwoniella heveanensis,0.071270855,0.546220926,0.0308793,0.044388994,-0.009548284
Kwoniella mangrovensis,0.28931938,0.61445379,8.88E-08,4.73E-07,0.322404222
Penicillium steckii,-0.070544189,0.44047619,0.005436041,0.008951264,-0.252653337
Orbilia oligospora,0.230961542,0.562598924,0.002856673,0.004955737,-0.052203562
Laccaria amethystina,0.166928262,0.542704895,0.041502776,0.058136502,-0.071413811
Penicillium camemberti,0.194941214,0.560839024,0.00436467,0.007305188,0.032276842
Lachancea fermentati,0.181831186,0.540104614,0.060102009,0.081936391,0.054127158
Lachancea lanzarotensis,0.052665023,0.493160132,0.748772522,0.780518725,-0.15934619
Talaromyces rugulosus,0.018765956,0.507118739,0.739528625,0.77201158,-0.088005516
Pseudocercospora fijiensis,0.231879238,0.602017667,1.89E-06,7.20E-06,0.142774576
Pisolithus microcarpus,-0.019880267,0.46661843,0.11892626,0.151148705,-0.222369595
Malassezia pachydermatis,-0.024588373,0.450255506,0.020167333,0.030019433,-0.224934975
Aspergillus tanneri,0.295089277,0.612203983,1.58E-07,7.81E-07,0.225278513
Oidiodendron maius,0.297551265,0.666568685,7.28E-15,1.53E-13,0.319155541
Neurospora discreta,0.134840405,0.544491174,0.037682585,0.053308895,-0.036008342
Daldinia sp. EC12,0.214739791,0.643855801,1.84E-11,1.98E-10,0.411098575
Malassezia sympodialis,-0.110277589,0.389107463,2.23E-07,1.06E-06,-0.305508062
Rhodofomes roseus,-0.012058017,0.457396856,0.04663157,0.064797158,-0.219738927
Wickerhamiella sorbophila,0.176927623,0.552755543,0.013641469,0.020961998,0.025236182
Letharia columbiana,0.354299872,0.593790983,2.30E-06,8.56E-06,0.197047706
Letharia lupina,0.275394479,0.574673269,0.000393847,0.000866707,0.257420348
Rutstroemia sp. NJR-2017a BBW,0.336344086,0.671592125,1.10E-15,2.71E-14,0.480437688
Fusarium fujikuroi,0.1373709,0.598049413,4.67E-06,1.57E-05,0.22035203
Microdochium bolleyi,-2.96E-05,0.489022295,0.608179249,0.653059947,-0.147644057
Armillaria solidipes,0.069594181,0.567976605,0.001500465,0.002845298,0.139162782
Colletotrichum higginsianum,0.11136941,0.615953662,6.12E-08,3.38E-07,0.174970874
Thermothelomyces thermophilus,0.31262035,0.654822201,4.77E-13,7.28E-12,0.156588665
Magnaporthiopsis poae,0.103409908,0.599907294,3.07E-06,1.07E-05,0.139359136
Colletotrichum tofieldiae,0.108024095,0.609015813,3.56E-07,1.65E-06,0.325404373
Pseudomassariella vexata,0.049201334,0.543846757,0.040589364,0.057081295,0.086370124
Penicillium oxalicum,0.069611168,0.500192195,0.992825478,0.994219896,-0.153352989
Pneumocystis carinii,0.25106174,0.600547943,2.53E-06,9.24E-06,0.224266368
Mucor ambiguus,0.061526151,0.587731199,4.18E-05,0.000114698,0.210833662
Pseudozyma hubeiensis,0.325764312,0.700741645,6.91E-21,4.93E-19,0.638674143
Valsa mali,0.055529418,0.539516725,0.064966997,0.087896525,0.045803118
Trametes cinnabarina,0.087614597,0.576930614,0.000327193,0.000742958,0.086802293
Rhizoclosmatium globosum,0.017101161,0.504680505,0.826971197,0.853057945,-0.04388487
Xylona heveae,0.27974436,0.684981685,5.66E-18,2.46E-16,0.476092025
Aspergillus aculeatus,0.040509119,0.521872503,0.307028748,0.360644971,-0.041843315
Phycomyces blakesleeanus,-0.060751249,0.419304632,0.000164181,0.000394146,-0.29377314
Aspergillus carbonarius,-0.057109965,0.441474849,0.006272235,0.010163872,-0.216880577
Schizosaccharomyces octosporus,0.140367165,0.579474367,0.000205851,0.000487614,0.036596648
Pseudogymnoascus sp. WSF 3629,0.271002081,0.630300427,1.15E-09,8.47E-09,0.350159282
Penicillium roqueforti,0.385551336,0.656612249,2.51E-13,4.16E-12,0.378996595
Metarhizium acridum,0.290695885,0.604779994,7.15E-07,2.98E-06,0.22542391
Plicaturopsis crispa,0.128791336,0.574319028,0.000518641,0.001117194,0.135650645
Bipolaris zeicola,0.219655444,0.533585071,0.108714604,0.14027687,-0.099803315
Metarhizium brunneum,0.15613064,0.552465367,0.000615351,0.001305789,0.472243971
Metarhizium guizhouense,0.158264271,0.548915419,0.002145643,0.003874761,0.058716177
Mixia osmundae,0.408945628,0.619367943,3.02E-09,2.05E-08,0.416382194
Aspergillus campestris,0.141597256,0.600438656,2.72E-06,9.81E-06,0.190077159
Paracoccidioides lutzii,0.349182766,0.598136089,1.67E-06,6.49E-06,0.353200407
Sclerotinia sclerotiorum,-0.075598703,0.429076411,0.000925572,0.001848552,-0.307879115
Saitoella complicata,-0.019627749,0.476586171,0.274192185,0.325289564,-0.172490529
Rhodotorula taiwanensis,0.155859332,0.566446585,0.001911556,0.003530932,0.073053813
Botrytis byssoidea,0.289182661,0.646520147,7.71E-12,9.16E-11,0.294160683
Coniochaeta ligniaria,0.086832947,0.557801595,0.006945723,0.011103813,-0.017278309
Escovopsis weberi,0.076696977,0.552729164,0.013796287,0.021154307,0.044256039
Trichoderma reesei,-3.56E-05,0.491143973,0.679157858,0.719523853,-0.165146582
Amorphotheca resinae,-0.172291616,0.36524518,3.11E-10,2.67E-09,-0.456613977
Kwoniella dejecticola,0.211847307,0.561946969,0.003431267,0.005880993,0.09524857
Naumovozyma dairenensis,0.23418428,0.587701051,4.17E-05,0.000114698,0.155317324
Piromyces finnis,-0.116830482,0.393362125,6.35E-07,2.76E-06,-0.404015461
Aspergillus steynii,0.047575883,0.534048599,0.111809398,0.142867565,0.002765573
Verticillium longisporum,0.240695383,0.583876001,8.37E-05,0.000212328,0.089225807
Moniliophthora roreri,0.306545905,0.631777687,7.23E-10,5.60E-09,0.283281319
Schizopora paradoxa,0.181512891,0.560710894,0.004461579,0.007449897,0.062847348
Wallemia ichthyophaga,0.157167044,0.558283966,0.006480398,0.010406586,0.041308433
Rhizoctonia solani,0.02598879,0.532092736,0.133932951,0.168420096,0.028095069
Hyaloscypha bicolor,-0.094888147,0.415091424,7.32E-05,0.000188481,-0.287287549
Aspergillus versicolor,0.072264995,0.555306833,0.009797329,0.015386554,0.002511793
Aureobasidium subglaciale,0.060375755,0.497437405,0.90469184,0.918867923,-0.154337219
Penicillium solitum,0.442600885,0.654305914,4.80E-13,7.28E-12,0.406089678
Mitosporidium daphniae,0.251965526,0.581445304,0.000118816,0.000293133,-0.023074013
Zygotorulaspora mrakii,-0.009541109,0.489775999,0.633024562,0.675668432,-0.120263509
Nematocida major,0.250692974,0.578264671,0.000251845,0.000584904,0.057968745
Nannizzia gypsea,0.482375829,0.691716034,2.64E-19,1.45E-17,0.597872293
Nematocida parisii,0.196291454,0.582639925,3.22E-06,1.11E-05,0.324401968
Penicillium flavigenum,0.094782902,0.547325103,0.014389292,0.022016234,0.170999686
Nematocida sp. 1,0.116628306,0.563541054,5.55E-05,0.000149208,0.147771389
Nematocida sp. ERTm5,0.125278966,0.560168227,3.83E-06,1.31E-05,0.293983198
Rhodotorula toruloides,0.002913123,0.490533472,0.658417685,0.700536691,-0.125126219
Verticillium nonalfalfae,0.142471033,0.592920454,1.43E-05,4.29E-05,0.13722959
Saccharomyces paradoxus,0.063877777,0.55847616,0.006315943,0.01021149,-0.056528391
Pseudogymnoascus sp. VKM F-4246,0.448211394,0.662280107,3.23E-14,6.22E-13,0.416961798
Periconia macrospinosa,0.099856876,0.549149068,0.021712521,0.032185088,-0.042798934
Rosellinia necatrix,0.058039046,0.52981278,0.163832676,0.202098093,-0.046880643
Aspergillus vadensis,0.369669929,0.669738012,2.23E-15,5.30E-14,0.433271141
Penicillium coprophilum,0.143585224,0.53304994,0.121678204,0.154096908,-0.091034461
Pyrenochaeta sp. DS3sAY3a,0.449709829,0.647145721,3.21E-12,4.16E-11,0.437815916
Nematocida displodere,0.241251931,0.604120502,1.40E-07,7.11E-07,0.196550171
Nosema ceranae,0.08477055,0.51565821,0.461559665,0.517287067,-0.118604234
Edhazardia aedis,0.165766634,0.628118452,2.19E-09,1.50E-08,0.354544404
Aspergillus violaceofuscus,0.006144722,0.49974374,0.990450946,0.993237024,-0.133217367
Nosema apis,0.319423626,0.592637815,1.01E-05,3.12E-05,0.064263512
Pleurotus ostreatus,0.277182732,0.612708965,1.41E-07,7.11E-07,0.229996288
Ogataea polymorpha,0.360950538,0.611721612,1.03E-07,5.46E-07,0.208694376
Sphaerobolus stellatus,0.299403912,0.647654472,5.29E-12,6.62E-11,0.331651547
Kluyveromyces lactis,-0.001675219,0.481880945,0.397448281,0.447678712,-0.11090553
Lentinula edodes,0.13629701,0.62213027,1.17E-08,7.60E-08,0.284604939
Mycena indigotica,0.079499785,0.561788691,0.003906542,0.00660039,0.083672378
Ramularia collo-cygni,0.180589421,0.661880643,4.03E-14,7.56E-13,0.315750673
Fonsecaea multimorphosa,0.121670332,0.610116221,2.71E-07,1.26E-06,0.258265645
Pyricularia pennisetigena,0.24062505,0.606287403,6.87E-07,2.91E-06,0.04430432
Ordospora colligata,0,0.513792792,0.073734131,0.09900647,0.005997923
Stachybotrys chlorohalonata,0.077250239,0.545644342,0.033026858,0.047285442,0.051920406
Aspergillus clavatus,0.107989857,0.594834863,9.47E-06,2.95E-05,0.102786918
Babjeviella inositovora,0.069640229,0.498439832,0.941795856,0.952482901,-0.182382598
Pseudogymnoascus sp. 05NY08,0.201204105,0.537515639,0.079623936,0.105917662,-0.029572431
Paramicrosporidium saccamoebae,0.241888345,0.581441535,0.000129309,0.000315745,0.209598311
Pseudocercospora musae,0.123507027,0.561988423,0.003790402,0.006419375,0.051707705
Geosmithia morbida,0.051172442,0.536064758,0.092128973,0.120307615,0.036639307
Schizosaccharomyces cryophilus,0.010213862,0.456597929,0.04261722,0.059463949,-0.303585094
[Candida] auris,0.268968338,0.585063085,6.09E-05,0.000159605,0.264358783
Trichoderma atroviride,0.052115342,0.531173216,0.145434467,0.181602058,-0.036765397
Aspergillus piperis,0.247527414,0.640456594,5.39E-11,5.49E-10,0.321362329
Ogataea parapolymorpha,0.152437644,0.54304783,0.044215689,0.061573802,-0.10124852
Penicillium brasilianum,0.160787987,0.538883613,0.068265318,0.092184038,-0.024043618
Protomyces lactucae-debilis,0.079082315,0.508863564,0.677046961,0.718354885,0.046567401
Saccharomyces eubayanus,0.363780299,0.617404543,3.51E-08,2.07E-07,0.132731056
Bacidia gigantensis,-0.006752674,0.491174121,0.680207413,0.719566595,-0.092746792
Lipomyces starkeyi,-0.044411188,0.448831004,0.01686412,0.025528912,-0.231009615
Penicillium arizonense,0.17285896,0.572777702,0.000352421,0.000790177,0.03819325
Penicillium vulpinum,0.176361585,0.566374983,0.000573298,0.001227511,-0.008390851
Penicillium freii,0.149283156,0.55511087,0.004880318,0.008111112,-0.004932666
Penicillium expansum,-0.018627146,0.472972158,0.20514637,0.248757418,-0.102645775
Pseudovirgaria hyperparasitica,0.206942149,0.559840365,0.005121306,0.00849184,0.003640413
Penicillium nalgiovense,0.045766613,0.4923499,0.719492405,0.754408949,0.004135418
Blumeria hordei,0.238082292,0.553622304,0.011282367,0.017564034,-0.023662699
Sugiyamaella lignohabitans,0.263787444,0.632361808,6.29E-10,5.04E-09,0.326471522
Penicillium polonicum,0.126061476,0.550558495,0.006128965,0.009954333,0.004343172
Spizellomyces punctatus,0.137773728,0.542335579,0.046712117,0.064797158,-0.075778316
Penicillium rubens,0.087645134,0.708376671,2.21E-22,2.68E-20,0.601218048
Schizosaccharomyces japonicus,0.168731123,0.556746409,0.00195181,0.003577482,0.042099358
Scheffersomyces stipitis,0.109252638,0.566009436,0.002050074,0.003728834,0.141822413
Penicillium griseofulvum,0.369108378,0.630428556,9.84E-10,7.39E-09,0.239452731
Pseudogymnoascus sp. VKM F-3775,0.188150013,0.556588131,0.008002968,0.012652143,0.070825371
Penicillium subrubescens,0.152302427,0.592581287,1.53E-05,4.59E-05,0.096426273
Verticillium alfalfae,0.190061694,0.572996277,0.000644833,0.00136429,0.04435036
Syncephalastrum racemosum,-0.089622549,0.416926695,0.000104616,0.000260809,-0.353452263
Neonectria ditissima,0.098216241,0.56561751,0.002180778,0.003926502,0.014841608
Brettanomyces nanus,-0.019423035,0.486715959,0.535006243,0.586860694,-0.123495986
Kuraishia capsulata,0.034681507,0.515744886,0.462148473,0.517287067,-0.019206117
Gelatoporia subvermispora,0.033098478,0.520726873,0.333058552,0.382793439,-0.142745973
Talaromyces proteolyticus,-0.089494406,0.422440043,0.000292166,0.000671983,-0.289260242
Sclerotinia borealis,0.167313351,0.59379852,1.18E-05,3.59E-05,0.133445184
Postia placenta,0.026903518,0.504352643,0.838902235,0.863112977,-0.124219306
Sodiomyces alkalinus,0.219088195,0.624907671,5.42E-09,3.61E-08,0.283858238
Aplosporella prunicola,-0.025649275,0.464376159,0.096176698,0.124907078,-0.210069176
Penicillium digitatum,0.130172828,0.607855108,4.73E-07,2.12E-06,0.194434594
Trichosporon asahii,0.138308245,0.682554757,1.52E-17,5.46E-16,0.436332025
Aspergillus aculeatinus,0.140939528,0.64625635,8.47E-12,9.90E-11,0.277702536
Aspergillus heteromorphus,0.111647532,0.594785873,9.57E-06,2.97E-05,0.200361996
Rhodotorula graminis,0.029190603,0.527841843,0.193515541,0.235857403,0.060255734
Macrophomina phaseolina,0.109025571,0.618493646,3.13E-08,1.91E-07,0.247571374
Neocallimastix californiae,0.030648706,0.518978278,0.375450709,0.424999311,-0.031619644
Suillus subaureus,0.105680343,0.561242256,0.004231279,0.007112945,-0.002382471
Pyricularia grisea,0.361320256,0.619839009,1.99E-08,1.23E-07,0.11992937
Peniophora sp. CONT,0.363135567,0.631604335,6.96E-10,5.51E-09,0.3208137
Pneumocystis jirovecii,0.110155906,0.535118859,0.09718832,0.125762744,-0.018526314
Ceraceosorus bombacis,0.074302909,0.559388143,0.005543264,0.009106791,0.125326088
Saprochaete ingens,0.180004616,0.701872202,4.19E-21,3.74E-19,0.61279284
Aspergillus glaucus,0.162820576,0.611001824,2.17E-07,1.04E-06,0.231076209
Trichoderma guizhouense,0.205295668,0.637358869,1.41E-10,1.32E-09,0.323704239
Alternaria atra,-0.027233253,0.454408417,0.033238763,0.047493463,-0.230829431
Spathaspora passalidarum,0.385340306,0.611691464,1.54E-07,7.70E-07,0.038485658
Scleroderma citrinum,0.180992425,0.564460574,0.002588674,0.004557345,-0.035339951
Puccinia striiformis,0.100562008,0.570840682,0.000938302,0.00185836,0.081507681
Glarea lozoyensis,0.519815184,0.643256606,2.04E-11,2.13E-10,0.188562548
Botrytis fragariae,0.26971784,0.599877146,2.89E-06,1.03E-05,0.152632043
Sphaerulina musiva,0.117524528,0.528904566,0.174394921,0.214385481,0.040925806
Ceraceosorus guamensis,0.275812032,0.625322209,4.81E-09,3.23E-08,0.044654878
Tolypocladium paradoxum,0.101579794,0.606581347,6.44E-07,2.77E-06,0.183882952
Pseudogymnoascus sp. VKM F-103,0.056523989,0.517855259,0.177202436,0.216715844,0.163851709
Pseudogymnoascus sp. VKM F-3557,0.264381717,0.577292392,0.00020955,0.000493099,0.05246358
Pyrenophora teres,0.334488977,0.612113538,6.61E-08,3.60E-07,0.250696524
Exophiala spinifera,0.031783697,0.488995915,0.607081009,0.65286389,-0.175249973
Westerdykella ornata,0.412825716,0.635727099,2.21E-10,1.97E-09,0.187825395
Rhinocladiella mackenziei,0.163707705,0.548704382,0.021697499,0.032185088,0.008221739
Pseudogymnoascus verrucosus,-0.001212589,0.502264882,0.850234207,0.869751778,0.006530075
Pneumocystis murina,0.226879692,0.571564238,0.000602654,0.001286505,0.013412563
Zygosaccharomyces rouxii,0.026262635,0.513600597,0.525306323,0.57889244,-0.06065954
Armillaria ostoyae,0.122879928,0.594273354,1.07E-05,3.27E-05,0.130699178
Aaosphaeria arxii,0.066433151,0.54371109,0.041210144,0.057840222,0.029653014
Cordyceps fumosorosea,0.131505715,0.61937548,2.48E-08,1.52E-07,0.240950154
Psilocybe cubensis,-0.07363996,0.418814724,0.000149753,0.000360722,-0.29280338
Paraphaeosphaeria sporulosa,0.056854621,0.539972716,0.061932483,0.083950304,0.107093573
Schizophyllum commune,0.09372623,0.518695639,0.382154994,0.431816974,-0.050075198
Trematosphaeria pertusa,-0.107919498,0.424912193,0.000453636,0.000989122,-0.327350523
Puccinia sorghi,0.276562671,0.594397715,9.98E-06,3.08E-05,0.09866928
Laetiporus sulphureus,0.104689432,0.549993217,0.019551511,0.029163656,0.096100528
Aspergillus homomorphus,-0.087872583,0.440219931,0.005241495,0.008663589,-0.110688112
Ophiocordyceps australis,0.169101378,0.617366858,4.22E-08,2.39E-07,0.083342456
Moelleriella libera,0.206783993,0.653631348,7.24E-13,1.07E-11,0.402867776
Tuber borchii,0.247232555,0.568300698,0.001341045,0.002577264,0.125880625
Rutstroemia sp. NJR-2017a BVV2,0.186196047,0.56475075,0.002347907,0.004185144,0.037108118
Botrytis cinerea,0.633492477,0.696935438,2.88E-20,1.87E-18,0.281090058
Rozella allomycis,0.28792402,0.628981444,1.66E-09,1.16E-08,0.317298051
Hydnomerulius pinastri,0.152861056,0.614985152,7.88E-08,4.22E-07,0.209885639
Yamadazyma tenuis,0.065109338,0.547837622,0.025477963,0.037140462,-0.031260846
Zymoseptoria tritici,0.15428867,0.615542893,6.81E-08,3.68E-07,0.186879194
Linderina pennispora,0.096331545,0.607350126,5.35E-07,2.35E-06,0.227450064
Trichophyton violaceum,0.099786733,0.577537346,0.000293326,0.00067248,0.06295042
Tetrapisispora phaffii,0.106189692,0.533769728,0.113346101,0.14457204,0.053390716
Metarhizium anisopliae,-0.056393114,0.455000075,0.035591892,0.050652732,-0.174762728
Fusarium solani,0.058642659,0.538043232,0.075615603,0.101151829,-0.145727969
Scheffersomyces spartinae,0.173055018,0.562538627,0.003415098,0.005867386,0.106211021
Aspergillus nidulans,0.04250851,0.546857806,0.028646384,0.041345895,0.037350413
Rhizopogon vesiculosus,0.027559132,0.510412427,0.595388304,0.643199789,-0.097931475
Rhizopogon vinicolor,0.233557535,0.555336981,0.009283143,0.014611216,0.065158814
Ascoidea rubescens,0.167596875,0.611759297,1.80E-07,8.71E-07,0.098355286
Colletotrichum fioriniae,-0.084390955,0.40487496,8.89E-06,2.81E-05,-0.30200364
Schizosaccharomyces pombe,0.171781427,0.598343358,4.37E-06,1.48E-05,0.184681115
Apiotrichum porosum,0.088056715,0.582014351,0.000128051,0.000313748,0.105842161
Cercospora berteroae,0.258883309,0.621885316,1.25E-08,8.03E-08,0.125418679
Trametes pubescens,0.140102747,0.601716185,2.03E-06,7.66E-06,0.183612667
Hortaea werneckii,0.154474412,0.633880523,4.04E-10,3.31E-09,0.305669906
Pseudogymnoascus sp. VKM F-3808,-0.001124728,0.488445711,0.576420449,0.625552177,-0.013656874
Rhynchosporium secalis,0.231638561,0.564147786,0.000795487,0.001620521,0.1429053
Aspergillus thermomutatus,0.113472419,0.585877086,6.06E-05,0.000159365,0.117033186
Serendipita indica,0.045603844,0.520934141,0.328207078,0.379273333,-0.015558936
Aspergillus indologenus,0.10675893,0.514267625,0.501147766,0.557438935,-0.143438841
Rutstroemia sp. NJR-2017a WRK4,0.248600275,0.583713954,8.51E-05,0.000215131,-0.036635499
Trichophyton benhamiae,0.280194337,0.593926649,3.02E-06,1.06E-05,0.083025881
Phaeoacremonium minimum,-0.040275852,0.479031942,0.327463954,0.379028894,-0.069919245
Suhomyces tanzawaensis,0.232417677,0.608427923,4.09E-07,1.87E-06,-0.016023155
Cyberlindnera fabianii,-0.041380194,0.46603054,0.109841639,0.141111872,-0.130319806
Pseudoloma neurophilia,0.250086829,0.592381555,1.57E-05,4.69E-05,0.075258167
Thermochaetoides thermophila,0.041406801,0.536969204,0.084255074,0.111869399,0.016567823
Corynespora cassiicola,-0.078438152,0.432897692,0.001725786,0.003229621,-0.299591279
Phanerodontia chrysosporium,0.203778913,0.682539683,1.53E-17,5.46E-16,0.433311541
Anaeromyces robustus,0.136882773,0.636955637,1.59E-10,1.48E-09,0.220663963
Punctularia strigosozonata,-0.029244187,0.476932875,0.281361008,0.332687228,-0.149220727
Tilletiaria anomala,-0.144663806,0.395642081,1.10E-06,4.44E-06,-0.290366309
Tuber magnatum,0.119923728,0.523696468,0.267929574,0.318601038,-0.014919369
Absidia glauca,0.120725037,0.58137747,0.000144431,0.000349082,0.125549983
Tremella mesenterica,0.117227856,0.569205143,0.001228425,0.002380074,-0.012237368
Bipolaris maydis,-0.002789665,0.484752559,0.476417211,0.532422369,-0.14037543
Eremothecium gossypii,-0.037764,0.44805092,0.01526229,0.023202586,-0.286871883
Amanita thiersii,0.142060109,0.543918359,0.040185275,0.056736834,-0.013095448
Diaporthe ampelina,-0.038193636,0.459831321,0.060662493,0.082385443,-0.239470813
Botrytis porri,0.135745432,0.552989192,0.013306424,0.020491318,0.079423393
Torulaspora globosa,0.180282495,0.556584362,0.00796709,0.012623411,-0.024799294
Aspergillus pseudotamarii,0.165368441,0.548165483,0.023153695,0.034179264,-0.033061379
Sistotremastrum niveocremeum,0.046516601,0.520591206,0.125385436,0.158229763,0.06669277
Sistotremastrum suecicum,0.207158626,0.568605948,0.00027849,0.000642599,0.063727453
Microbotryum lychnidis-dioicae,0.105710628,0.56587377,0.00209495,0.003800762,-0.015562313
Sordaria macrospora,-0.042660735,0.39768462,1.77E-06,6.81E-06,-0.291030532
Aspergillus ellipticus,0.132254322,0.578377727,0.000251715,0.000584904,0.33278853
Sporothrix brasiliensis,0.283175147,0.60267339,1.47E-06,5.78E-06,0.147649641
Wickerhamomyces anomalus,0.167158989,0.634268681,3.60E-10,3.02E-09,0.316989621
Suillus subalutaceus,0.154904451,0.538536909,0.071455086,0.096127314,-0.067405079
[Candida] pseudohaemulonii,0.126979281,0.571417266,0.00085179,0.00171561,-0.026441902
Lasiodiplodia theobromae,0.149220634,0.565357482,0.002270537,0.00406757,0.026964085
Moesziomyces antarcticus,0.123764191,0.616515172,5.29E-08,2.97E-07,0.230932192
Suillus paluster,0.149936194,0.586208716,5.66E-05,0.000151268,0.204179926
Pseudozyma flocculosa,0.088620605,0.600540406,2.66E-06,9.63E-06,0.230087931
Acremonium chrysogenum,0.149701122,0.586065512,5.83E-05,0.000153882,-0.001080667
Saccharomycodes ludwigii,0.430046754,0.655383711,6.30E-14,1.15E-12,0.57538452
Fusarium pseudograminearum,0.349983868,0.66035816,6.85E-14,1.22E-12,0.177912675
Trichoderma virens,0.037288235,0.508279443,0.692454631,0.731437262,-0.072489064
Clavispora lusitaniae,0.124663599,0.534323701,0.108901817,0.14027687,-0.0079657
Stemphylium lycopersici,0.370194681,0.652508328,9.51E-13,1.37E-11,0.132263987
Colletotrichum aenigma,-0.054335153,0.457916912,0.049368503,0.068349015,-0.236031857
Agaricus bisporus,0.323887946,0.606441912,6.42E-07,2.77E-06,-0.019657752
Annulohypoxylon maeteangense,0.204782778,0.576561299,0.000335881,0.000757859,0.024131776
Spraguea lophii,0.32674285,0.604580262,6.99E-07,2.93E-06,0.276550805
Fusarium vanettenii,0.174438269,0.531482235,0.139342671,0.174606897,-0.121387841
Suillus discolor,0.152875725,0.524077089,0.255398283,0.306048699,-0.18593042
Mytilinidion resinicola,0.296421682,0.577232096,4.66E-05,0.000126864,0.04549025
Suillus luteus,0.065976796,0.53297457,0.084933746,0.112352061,-0.184994709
Synchytrium microbalum,0.347447262,0.595814679,7.29E-06,2.35E-05,0.168230968
Suillus plorans,0.222675716,0.55962556,0.000207656,0.00049026,0.169642909
Armillaria gallica,0.076072929,0.532141727,0.091346218,0.119723996,-0.022463791
Wallemia mellicola,0.17397037,0.547958215,0.024127465,0.035469862,-0.029261332
Ophiocordyceps camponoti-rufipedis,0.098044349,0.572235035,0.000742272,0.001529595,0.05530195
Talaromyces marneffei,0.132877188,0.547121603,0.027706397,0.040151751,-0.047414005
Aspergillus flavus,0.308117465,0.663018737,2.64E-14,5.23E-13,0.401313042
Eutypa lata,-0.051150843,0.45519227,0.036386837,0.05157816,-0.197957493
Talaromyces islandicus,0.115575341,0.728086043,1.71E-26,6.09E-24,0.582428566
Termitomyces sp. J132,0.339079842,0.657215213,2.08E-13,3.52E-12,0.441782005
Pseudomicrostroma glucosiphilum,0.100434476,0.563311174,0.003109318,0.005354937,-0.035693535
Ganoderma sinense,0.055393474,0.521262003,0.320726547,0.373047353,-0.057687218
Saccharomyces cerevisiae,0.05831335,0.498187341,0.932307455,0.945569296,-0.180314405
Vanderwaltozyma polyspora,-0.006725977,0.495813172,0.844977652,0.866861965,-0.095149331
Pestalotiopsis fici,0.119846923,0.571579312,0.000829231,0.001679664,0.081106836
Tetrapisispora blattae,0.339503434,0.618316526,1.79E-08,1.13E-07,0.074106577
Venustampulla echinocandica,0.091992241,0.555001583,0.010206834,0.01595937,0.04205773
Amanita muscaria,0.146246387,0.631966113,7.14E-10,5.59E-09,0.342381815
Aureobasidium melanogenum,0.133332539,0.604139345,1.15E-06,4.60E-06,0.187815958
Coniella lustricola,0.133943556,0.617374395,4.22E-08,2.39E-07,0.174131007
Cryptococcus amylolentus,0.134209425,0.647552722,5.54E-12,6.82E-11,0.358475549
Cutaneotrichosporon oleaginosum,0.022961067,0.514018903,0.512660528,0.56670846,-0.030551071
[Candida] arabinofermentans,0.029935999,0.517097786,0.424574115,0.47747846,-0.064148419
Sporisorium reilianum,0.086045159,0.576109076,0.000378857,0.00084151,0.076987708
Suillus bovinus,0.514965448,0.684536999,5.87E-18,2.46E-16,0.441808918
Jaminaea rosea,-0.059461527,0.435068361,0.002424393,0.00429998,-0.307303546
Eremothecium sinecaudum,0.280272844,0.691237432,4.22E-19,2.15E-17,0.570442614
Aspergillus wentii,0.14113938,0.568251707,0.001433121,0.002736551,0.119096473
Cladophialophora immunda,0.031035596,0.46363376,0.089245653,0.117389156,-0.306439414
Aspergillus ustus,0.416312748,0.651249642,1.45E-12,1.99E-11,0.30516156
Trachipleistophora hominis,0.252501278,0.596511856,1.43E-07,7.16E-07,-0.002445005
Gaeumannomyces tritici,0.117015788,0.599745248,3.19E-06,1.10E-05,0.163052786
Trametes coccinea,0.185595125,0.564453037,0.002597508,0.004561633,0.019786904
Anncaliia algerae,0.174663031,0.590625424,2.31E-05,6.64E-05,0.113126692
Scedosporium apiospermum,0.054933118,0.556090686,0.008805719,0.013890438,-0.006567114
Ascochyta rabiei,0.26269371,0.590768628,8.49E-06,2.69E-05,0.015979857
Trametes versicolor,0.010400117,0.490375194,0.653068598,0.696020793,-0.167453965
Cadophora sp. DSE1049,0.467805473,0.652474412,9.59E-13,1.37E-11,0.191646048
Absidia repens,0.248022155,0.572928443,0.000649023,0.001365085,0.061160145
Trichoderma gamsii,0.273904276,0.586348151,3.00E-05,8.46E-05,0.099914456
Calocera viscosa,0.154247137,0.573015119,0.000649038,0.001365085,0.075686151
Aspergillus ibericus,0.301177604,0.571854414,0.000702034,0.001463598,0.097537379
Fusarium langsethiae,0.019913439,0.478805831,0.32225934,0.374219722,-0.195896847
Trichoderma parareesei,0.11354589,0.518884065,0.368807527,0.420735627,-0.090861132
Clohesyomyces aquaticus,0.244130875,0.639996834,6.19E-11,6.13E-10,0.336706176
Aspergillus brunneoviolaceus,0.299199499,0.597084671,5.38E-06,1.78E-05,0.121968683
Trichophyton verrucosum,0.227900342,0.560748579,0.004239834,0.007112945,-0.070470539
Trichophyton equinum,0,0.492937789,0.285982649,0.337592101,-0.066411796
Trichophyton interdigitale,-0.026794432,0.463550852,0.060465685,0.082274873,0.015101303
Trichophyton mentagrophytes,0,0.499570388,0.967395402,0.97422729,-0.051913752
Trichophyton rubrum,0,0.516894285,0.069103524,0.093139533,0.067635536
Verticillium dahliae,0.435997784,0.628438777,3.50E-10,2.97E-09,0.197945164
Paecilomyces variotii,0.174368338,0.521326068,0.318078646,0.371178518,-0.120982889
[Candida] glabrata,0.076011081,0.597996654,4.73E-06,1.58E-05,0.199307021
Truncatella angustata,0.140398941,0.60037836,2.76E-06,9.89E-06,0.219575626
[Candida] duobushaemulonis,0.052209347,0.49989825,0.996207809,0.996207809,-0.137742983
Amphiamblys sp. WSBS2006,0.105788016,0.581441535,0.000142707,0.000346088,0.122683838
Botryobasidium botryosum,0.092275136,0.578080013,0.000265898,0.000615537,0.132574937
Hirsutella minnesotensis,-0.034016574,0.469188562,0.150164598,0.186854029,-0.195110229
Phialophora attinorum,0.222299368,0.640298316,5.67E-11,5.69E-10,0.204455616
Colletotrichum karsti,0.149812774,0.613236558,1.23E-07,6.38E-07,0.232640014
Baudoinia panamericana,0.28396596,0.567987911,0.001435442,0.002736551,0.126677613
Ustilago hordei,0.060104729,0.501462187,0.945333784,0.954706782,-0.008945004
Nadsonia fulvescens,0.18382097,0.629780371,1.35E-09,9.74E-09,0.290793039
Calocera cornea,0.035998583,0.534139043,0.110860673,0.141909623,0.048119081
Vittaforma corneae,0.21970316,0.58400413,8.63E-05,0.000217412,0.068834304
Vavraia culicis,0.266441063,0.599541748,7.27E-07,3.01E-06,0.201109156
Aspergillus calidoustus,0.095422679,0.51915163,0.370964897,0.421846845,-0.108804533
Tolypocladium capitatum,0.092254729,0.531723421,0.138395448,0.173725272,-0.115965846
Alternaria alternata,0.130972066,0.535299748,0.096901413,0.125619468,0.127611579
[Candida] haemuloni,0.329119922,0.605740967,6.74E-07,2.88E-06,0.326267074
Bipolaris sorokiniana,0.41170286,0.615976273,5.44E-08,3.03E-07,0.223890067
Talaromyces atroroseus,0.006190869,0.469863127,0.15907277,0.196907787,-0.245086347
Zymoseptoria brevis,0.16890378,0.574918223,0.00011969,0.000294272,0.172017215
Leucosporidium creatinivorum,0.102534342,0.569438792,0.001182859,0.002304313,0.192062342
Aspergillus brasiliensis,0.380819246,0.640927659,2.01E-11,2.13E-10,0.242618051
Aspergillus alliaceus,0.07871585,0.519072491,0.372792156,0.423249693,-0.064695711
Cercospora zeina,0.24662425,0.647070351,6.49E-12,7.85E-11,0.083768367
Aspergillus caelatus,0.052245329,0.514294005,0.502479039,0.558049151,-0.065791251
Acaromyces ingoldii,0.22472612,0.720835406,6.14E-25,1.46E-22,0.671622852
Kazachstania barnettii,0.07623428,0.543564118,0.041896064,0.058572341,0.074136224
Colletotrichum siamense,0.080198127,0.543888211,0.040396925,0.05692294,-0.083715277
Tuber melanosporum,0.092802945,0.524717738,0.248218274,0.297945504,-0.055844332
Ascosphaera apis,0.112116082,0.502713336,0.899105864,0.914497119,-0.14411317
Drepanopeziza brunnea,0.215812033,0.636005969,2.12E-10,1.92E-09,0.247260633
Pichia membranifaciens,0.034282687,0.505283468,0.80510584,0.833150165,-0.089705229
Zygosaccharomyces bailii,0.256422447,0.550422828,0.001985506,0.003629912,0.09234487
Zygosaccharomyces parabailii,-0.012897942,0.491630112,0.628733899,0.672094858,0.055268512
Cordyceps militaris,0.165009937,0.51519845,0.477284233,0.532556586,-0.113699994
Cladophialophora yegresii,0.217665385,0.551097394,0.016953253,0.025609469,-0.053619161
[Candida] intermedia,0.134665369,0.597819533,4.92E-06,1.64E-05,0.12960275
Antrodia serialis,0.178155475,0.598659913,4.07E-06,1.38E-05,0.115554848
Choanephora cucurbitarum,0.169197072,0.573889416,0.000556427,0.001194977,0.078541417
Hanseniaspora uvarum,-0.081734596,0.432957989,0.001742437,0.003252244,-0.309429324
Batrachochytrium dendrobatidis,0.291110789,0.600544175,2.12E-06,7.95E-06,0.130282759
Tilletiopsis washingtonensis,-0.157515842,0.40839476,1.88E-05,5.53E-05,-0.173144301
Verruconis gallopava,0.387074367,0.630330575,9.82E-10,7.39E-09,0.316125881
Aspergillus eucalypticola,0.168898483,0.550705467,0.017623165,0.026509107,-0.006351152
Aspergillus mulundensis,0.203433296,0.568492893,0.00095955,0.001895178,0.19593938
Pyricularia oryzae,0.101868284,0.572351859,0.000727523,0.001512314,0.08730839
