Observed	Chao1	se.chao1	ACE	se.ACE	Shannon	Simpson	InvSimpson	Fisher	Pielou	Coverage
SRR15372865	616	661.71875	13.7069584650785	650.932559704813	11.9633357614732	4.99014779446854	0.97171892	35.3593285687817	145.012133305502	0.776888670605214	0.9923
SRR15372866	535	574.275862068965	12.5503441676235	568.033787683012	11.3348554177225	4.7681058532874	0.96684762	30.163746916511	120.820937404053	0.758978573401593	0.9932
SRR15372867	527	603.392857142857	20.7960746354316	583.801845482936	11.5301966276109	4.85903817588163	0.9672206	30.5069647400502	118.501700437271	0.77531238042359	0.9907
SRR15372868	588	639.526315789474	14.3764311755662	634.334786157883	11.4481550993819	4.40317113773662	0.93210672	14.7289982160237	136.5048858714	0.690506457891793	0.9911
SRR15372869	595	635.678571428571	12.9805003187365	624.216547322909	11.6095947205329	4.85759568481721	0.96676494	30.0887075275327	138.617447155102	0.760358299225322	0.9932
SRR15372870	572	616.666666666667	14.2173564974222	602.433665640341	11.6940258543272	4.99050277377183	0.97335772	37.5343251403408	131.712026959731	0.786012525564083	0.9932
SRR15372871	524	551.596774193548	9.60246969117843	550.914618439192	11.0381902427978	4.92145643766423	0.97691862	43.3249658382644	117.635270576264	0.785987858130947	0.9941
SRR15372872	603	638.254237288136	11.5604528725573	630.213396760873	11.8685922865668	5.16662974232827	0.9795445	48.8866075138716	141.043454916786	0.807044137492058	0.9935
SRR15372873	598	644.88679245283	14.6015981596768	628.994050754436	11.7765238252898	5.13718771293202	0.97847068	46.4482854079924	139.525745088731	0.803490231175295	0.9929
SRR15372874	513	561.684210526316	14.7531140099355	556.675407719375	11.3752185244342	4.73545378276854	0.96707156	30.3688847695184	114.473735341296	0.758853278326344	0.9925
SRR15372875	533	584.35	15.1587539146218	577.756085391587	11.5041173830082	4.81972111229618	0.97348282	37.7114006843865	120.239935501383	0.767652252287492	0.9921
SRR15372876	564	596.603448275862	10.9691066443408	592.981091686424	11.6862051903603	5.01597531262815	0.97730708	44.0666075586571	129.334368799028	0.791780956168136	0.9938
SRR15372877	540	576.849056603774	12.2307674251173	568.227771094093	11.4250791476318	4.97098435728241	0.9740416	38.5231755424063	122.276914469907	0.790102476348433	0.9937
SRR15372878	546	575.5	10.137301832461	573.747350434688	11.4015125498834	4.89318609213665	0.9698991	33.2215980253082	124.030623152007	0.776373458552335	0.994
SRR15372879	599	622.6	8.28788058198493	624.465244131105	11.6253726434052	4.89836192601923	0.9683627	31.6082598704694	139.828899220812	0.765936131129128	0.994
SRR15372880	545	576.052631578947	10.6324679921267	572.475095933354	11.3863681506963	4.79621385751307	0.96597834	29.393039610648	123.737843869727	0.761208841851989	0.994
SRR15372881	586	630.842105263158	13.8848233150244	617.998468341806	11.4062302067136	4.93992907529537	0.9718311	35.5001437755823	135.903047890832	0.775095121285798	0.9928
SRR15372882	584	624.571428571429	12.6103608223893	616.448938032036	11.6682182362489	4.96863322470183	0.9723374	36.1498919118232	135.301989043069	0.780017340629959	0.9928
SRR15372883	469	522.181818181818	14.6676243491465	524.009884262577	10.3449308886972	4.35971337347444	0.96400816	27.7840755015581	102.071394542362	0.708827010555871	0.9909
SRR15372884	542	573.015384615385	10.3279036222964	573.985854271533	11.532870954169	4.97008485086425	0.9749235	39.8779734013917	122.860692511068	0.789495606655486	0.9936
SRR15372885	513	568.337837837838	15.2401702169307	567.180766328842	11.0258494077151	4.03879540146891	0.89828026	9.83093350415563	114.473735341296	0.647214242074644	0.9909
SRR15372886	525	565.08064516129	12.5448372336987	561.727565299736	11.2873031968923	4.84618285330616	0.97368144	37.995999781143	117.923881215024	0.773730593222878	0.9929
SRR15372887	579	633.6	16.2075516806238	618.026992950582	11.8944358629276	4.79656327788643	0.96377674	27.606571026462	133.802754023397	0.754022198252149	0.9922
SRR15372888	588	631.125	13.5483231242255	620.808934075637	11.9555125100967	5.08538760240716	0.97731804	44.0879006928854	136.5048858714	0.797491823620108	0.993
SRR15372889	428	487.303571428571	17.1656294178167	486.200998953787	10.744772781827	4.64273707186341	0.9748152	39.7064896286649	90.8716616538007	0.766239094667824	0.9918
SRR15372890	588	618.51724137931	10.4613167458663	612.982875066617	11.7631001649599	5.05240401723467	0.97577288	41.2760575751472	136.5048858714	0.792319329103409	0.994
SRR15372891	524	573.137931034483	14.7928052279731	567.599680311376	11.5284059227258	4.78464350656391	0.96948922	32.7753010575279	117.635270576264	0.764137963888828	0.9924
SRR15372892	561	602.418181818182	13.2083208261167	593.845856692603	11.7719397115665	4.98398159807806	0.9745455	39.2857844389008	128.445983545178	0.78739357903277	0.9932
SRR15372893	579	622.359375	13.1871711549727	615.239063157517	11.6510196007611	4.94595991707592	0.97419228	38.7480955311046	133.802754023397	0.777507426272069	0.9925
SRR15372894	562	588.16393442623	9.27906877248355	584.355204947525	11.2061593766889	4.69593897470706	0.9633598	27.2924274430816	128.741915570899	0.741678528418326	0.9943
SRR15372895	440	514.166666666667	20.5271883567034	509.687621591092	11.0787168982613	4.49549469554845	0.96469802	28.3270230168393	94.1135190649758	0.738567615402603	0.991
SRR15372896	533	590.454545454545	16.8381626170881	578.908387840595	11.6134360840791	4.76588438946632	0.96914212	32.4066332489465	120.239935501383	0.759077506866915	0.992
SRR15372897	509	568.701754385965	17.1757209411698	560.779819264398	11.5008691783812	4.74089997502675	0.97056582	33.9741076530754	113.330093809847	0.76068022748639	0.9917
SRR15372898	445	492.042553191489	15.0747743819008	483.099756247972	10.5602577746065	4.59641643646951	0.97059132	34.0035662940329	95.4731426648183	0.753748843288394	0.9933
SRR15372899	505	562	17.145307711221	546.707312649779	11.2224167493185	4.83899615511183	0.97600814	41.6808034058218	112.189661657598	0.777403925128737	0.9924
SRR15372900	602	638.590909090909	11.5840009611966	633.748553189241	11.9256883575758	5.10849593134432	0.97925306	48.1998791147032	140.739525236846	0.798170382206841	0.993
SRR15372901	581	610.590909090909	9.95745150699115	608.985152237965	11.5981491436704	4.93467257881255	0.97255164	36.4320491278896	134.401862773853	0.775312776152338	0.9937
SRR15372902	526	559.548387096774	11.0342339842491	557.224447945881	11.0458011710506	4.43439719891764	0.9467765	18.7886929645739	118.212691197458	0.707770791594546	0.9935
SRR15372903	578	620.203125	12.9303830271699	612.478754833726	11.5780561365543	4.80766930361116	0.96895434	32.2106213879814	133.503492474445	0.755973498050555	0.9926
SRR15372904	596	614.092307692308	7.09440179537809	615.672482592515	11.7152751452995	5.10221309947565	0.97767638	44.7956021469636	138.920018995219	0.798438332029016	0.9951
SRR15372905	587	620.549019607843	11.5244116796529	611.450835585645	11.6894243465558	5.01053017211478	0.97378968	38.1529107618678	136.203869521516	0.785962457201836	0.9941
SRR15372906	576	619.846153846154	13.2477283623146	615.766315385608	11.9621487123432	4.95067562249477	0.9703988	33.7824142264503	132.905555361652	0.778884796604083	0.9924
SRR15372907	604	636.903846153846	11.313421712883	626.900141755372	11.8740287779387	5.15850017688539	0.97795844	45.368839592116	141.347578335437	0.805565769589901	0.9941
SRR15372908	601	647.681818181818	13.818645095794	638.491464552535	11.6689965676038	4.74798745702726	0.96149784	25.9725688117238	140.43578935462	0.742035947829873	0.9921
SRR15372909	544	587.029411764706	12.9347615731609	587.945330571896	11.6963790863796	4.76860071332915	0.96596012	29.3773068530206	123.445262282994	0.757047013152129	0.9923
SRR15372911	432	486.887096774194	15.8003104064098	492.049854973961	10.8009058847858	4.42913092408813	0.96421734	27.9464969904417	91.9489098682593	0.729864914660624	0.9917
SRR15372912	590	624.08	10.7142369590774	622.944406763692	11.3542491635664	4.48368131673887	0.94018714	16.7188126433011	137.107502474667	0.702757868803815	0.9928
SRR15372913	501	553.714285714286	15.2757222786304	549.596226411352	11.145350556768	4.58785723573248	0.9507483	20.3038676837551	111.052449721937	0.738000310962576	0.9918
SRR15372914	550	596.470588235294	13.678644732119	591.850420709619	11.305263323515	4.64825329211414	0.96386886	27.6769567746824	125.203715677438	0.736658239799041	0.992
SRR15372916	530	594.279411764706	17.3741901859153	586.010428316328	11.32257777181	4.79248261701444	0.97429498	38.9029069030096	119.369922844332	0.764000730767263	0.9906
SRR15372917	586	610.888888888889	8.47197200327645	616.565290927147	11.5722228053067	4.86377971722414	0.96436778	28.0644877024221	135.903047890832	0.763146974858913	0.9936
SRR15372918	488	566.620689655172	21.0621979403722	553.346662374286	11.3356604337657	4.47038566281467	0.95413456	21.8029086824415	107.378815263876	0.722157978992116	0.9904
SRR15372919	620	660.944444444444	13.1537296995035	646.087241871646	11.727934600598	4.98402183952723	0.971677	35.3069943155739	146.239832772077	0.77515385493104	0.9933
SRR15372920	576	622.472727272727	14.3771587618623	609.530116552216	11.7532343328286	4.95954468466946	0.97264024	36.5500282166218	132.905555361652	0.780280157200243	0.9928
SRR15372921	525	612.5	20.4113584029053	612.165047687163	10.8869139230417	2.8824697177186	0.69037602	3.22972400264346	117.923881215024	0.460208595537387	0.9874
SRR15372922	533	582.593220338983	14.8331155552392	577.644761785297	11.7030723743097	4.96035656601437	0.97462148	39.4034009863459	120.239935501383	0.79005170658845	0.9923
SRR15372923	596	636.571428571429	12.6103625902451	628.628652320176	11.6984991750113	4.74372024285621	0.9553919	22.4174533324665	138.920018995219	0.742338276444713	0.9928
SRR15372924	564	586.966666666667	8.49636654500145	586.153687177967	11.5786308664049	4.92455424778549	0.97068908	34.1169775633109	129.334368799028	0.77734997243646	0.9947
SRR15372925	427	480.365384615385	16.1560511319858	475.962471902523	10.5750823949066	4.14142894395207	0.93892614	16.3736171252316	90.6028746243395	0.683766985071083	0.9925
SRR15372926	592	621.016393442623	9.98381459395336	616.596959876205	11.7582576504749	5.10935607993933	0.97737584	44.2005360641014	137.710897195587	0.80039958790333	0.994
SRR15372927	545	589.161764705882	13.1808297628051	586.619082195879	11.420945347249	4.62350597598356	0.96067336	25.4280558929011	123.737843869727	0.733798311299467	0.9922
SRR15372928	558	600.9	12.8227685522938	601.706551210742	11.7848972241321	4.94018801081896	0.97698116	43.4426756517705	127.559366690464	0.781136561065603	0.9922
SRR15372929	577	605.986486486486	9.58617785092641	606.842193020704	11.3384868054623	4.7426395146543	0.96399296	27.7723467410817	133.204426231582	0.745951112948747	0.9934
SRR15372930	561	601.932203389831	12.8832374546859	595.096527592373	11.6296929689365	4.79955700734445	0.96440174	28.0912606402673	128.445983545178	0.758257287956697	0.993
SRR15372931	507	566.918032786885	16.9339426358179	556.293360450168	11.0858083445755	4.89126848963329	0.9814778	53.9892669337336	112.759505242323	0.785303018139187	0.9914
SRR15372932	591	623.016393442623	10.7088617928285	618.640866287057	11.7365462696464	4.91139322256015	0.9690947	32.3569096562725	137.40910260179	0.769591791609874	0.9937
SRR15372933	531	601.263157894737	19.4226646335703	588.28084521909	11.7931910438533	4.8698401074568	0.97387194	38.2730290729583	119.659728259101	0.776099570146397	0.991
SRR15372934	537	597	17.4766484575684	581.70651284106	11.4739428106553	4.68641302495196	0.96719808	30.4860203305172	121.402733304882	0.745532046700075	0.9919
SRR15372935	575	621.5	15.3707435304287	600.312714488778	11.6858586350759	5.06076511648706	0.9747365	39.5827973162863	132.606879931826	0.796422789984706	0.9937
SRR15372936	518	560.654545454545	13.4966513845852	557.701872500502	11.6229673935418	5.07947602313521	0.9803846	50.9803521722728	115.907797847066	0.812719383076929	0.9931
SRR15372937	530	581.04	14.3208348162857	580.407541385418	11.2332799741168	4.68998787840357	0.9652589	28.7843505243069	119.369922844332	0.747661379859553	0.9912
SRR15372938	537	591.185185185185	16.1888560175828	575.295387480177	11.189201873761	4.65213962440337	0.96521454	28.7476434119313	121.402733304882	0.740079706429954	0.9923
SRR15372939	585	610.161764705882	8.83179169653905	611.464133780729	11.8917354551797	5.08123812660403	0.97734754	44.1453157846874	135.60242104327	0.797480802100582	0.9941
SRR15372940	528	582.807692307692	16.4824887019467	568.947137172348	11.5212423994241	4.92716891268707	0.97703366	43.5419836160224	118.790908848588	0.785945643472259	0.9924
SRR15372941	475	546.842105263158	18.3676603271416	540.060196803706	10.1044016541939	3.06275979409986	0.76816668	4.3134438138573	103.739465821673	0.496933856452523	0.9895
SRR15372942	571	617.56976744186	12.9987419718061	620.952131556182	11.5162091853951	4.42326129913545	0.94120106	17.0071093118345	131.414133968754	0.696863096469101	0.991
SRR15372943	572	617.310344827586	13.9339998419956	610.337961362279	11.9983798729121	4.77644965583137	0.95614218	22.800950890856	131.712026959731	0.752298801824363	0.9927
SRR15372944	585	623.769230769231	12.7496328829676	611.777200073263	11.6771606917734	5.22314845678039	0.98201522	55.6025706180448	135.60242104327	0.819753083209171	0.9936
SRR15372945	549	585.491228070175	11.9444990383565	581.285840429956	11.5804876649597	5.01467144064614	0.97625178	42.1084190730926	124.910146391597	0.79495770193563	0.9935
SRR15372946	603	646.807692307692	13.9492217511587	634.224585830394	12.0782334966338	5.22985601356693	0.98105138	52.7742917426177	141.043454916786	0.816920283855055	0.9932
SRR15372947	552	580.720588235294	9.6898033233891	581.32415160544	11.4172285217529	4.90379366391579	0.974101	38.6115294026796	125.79144609717	0.776709645348688	0.9937
SRR15372948	547	592.308823529412	13.4287914573586	587.701458642583	11.2901835451789	4.91897848265203	0.97774778	44.9393363898074	124.32360005159	0.780239262274967	0.9921
SRR15372949	423	469.472727272727	14.3771178213171	469.299926194612	10.4126644778201	4.31966877236949	0.95224036	20.9381812760733	89.5298308382317	0.714305097234935	0.9928
SRR15372950	607	636.5	10.2110536011123	629.659622302158	11.7134559618304	4.99863302831684	0.97393458	38.3650062036215	142.261106974555	0.77999696830424	0.9941
SRR15372951	554	604.962264150943	15.5355176302281	588.201821745418	11.1423251457781	4.68767629929056	0.96746256	30.7338254023672	126.379965140505	0.74205383771691	0.9926
SRR15372952	402	453.333333333333	15.3441455986365	462.891469599592	10.702038541441	3.80635760928443	0.87489246	7.99312335611427	83.9518943497688	0.634768285151268	0.9923
SRR15372953	449	509.767857142857	17.4832875625986	502.752410567935	10.7890177506768	4.0785972623375	0.92124578	12.6977322612045	96.5645837684514	0.667853606791598	0.9917
SRR15372954	565	600.192307692308	11.879440689398	591.023661159131	11.5578837490984	4.97589157204027	0.97535722	40.5798371774613	129.630889857833	0.785234087720454	0.9939
SRR15372955	513	538.245901639344	9.04867641789424	538.852736154203	11.0942711082742	5.00097282687106	0.9785687	46.6607252009911	114.473735341296	0.801402526258711	0.9944
SRR15372956	541	574.5	10.8748957569591	570.388033324688	10.9693495210674	4.64228080321828	0.9626788	26.794422473018	122.568704484295	0.737640477700567	0.9933
SRR15372957	582	623.911764705882	12.690594511105	619.863862857823	11.7009504588659	5.10887836516608	0.9813682	53.6716796015414	134.701709843317	0.802466359831533	0.9924
SRR15372958	497	548.428571428571	14.9996935740846	546.17828171119	11.2824464714303	4.81759505554255	0.97161216	35.2263504373704	109.918462605187	0.775956382253089	0.9919
SRR15372959	599	625.911764705882	9.25693266622177	625.327540012709	11.9296906030155	5.07100292107809	0.9754325	40.704182354737	139.828899220812	0.792931273143293	0.9939
SRR15372960	499	549.508196721311	14.9154085516006	545.473935752532	11.1538882352515	4.82877893696588	0.97492704	39.8836036909882	110.485052669242	0.777254965555925	0.9921
SRR15372961	495	544.444444444444	13.7525066022114	552.038845873417	10.9415097141343	4.15596541595189	0.93821536	16.1852525158356	109.352680323351	0.669824599107499	0.991
SRR15372962	534	565.544117647059	10.3535702802066	567.056370264072	11.330119540455	4.65469949028349	0.96102808	25.6595004813722	120.530337161711	0.741147470579519	0.9934
SRR15372963	615	643.708333333333	10.4365732690886	632.467466169119	11.4656884736787	4.99453142003336	0.9732413	37.3710232559878	144.705690864508	0.777767861724352	0.9947
SRR15372964	583	635.56	16.1302064037076	617.32570872708	11.8883500389329	5.21613700218564	0.98239422	56.7995283367167	135.001751954791	0.819092914442882	0.9927
SRR15372965	581	611.5	10.3809911077251	606.418573419569	11.558631502045	4.96227239028006	0.97255346	36.4344649635255	134.401862773853	0.779649130005283	0.9939
SRR15372966	515	567.029850746269	14.9095764277125	560.836789122247	11.0465024134619	4.45298099482981	0.9532058	21.3701698073693	115.046759742937	0.713142532169739	0.9916
SRR15372968	451	550.020833333333	26.5210670341952	524.44521993136	11.1536619591516	3.93648802850917	0.8831521	8.55813412136633	97.1115489055703	0.644115039781837	0.9902
SRR15372969	440	505.142857142857	17.4234564788363	505.156002320671	10.4439982379614	3.35231700234179	0.81756172	5.48130578735998	94.1135190649758	0.550754242229423	0.9904
SRR15372970	523	578.862068965517	16.2716675400181	567.67609939864	11.1934175671367	4.55515971944674	0.95669818	23.0937175388933	117.346859367897	0.727709950832505	0.9919
SRR15372971	577	602.537313432836	8.95008449112607	603.186821659052	11.693710654297	4.89012817762701	0.96896184	32.2184046992476	133.204426231582	0.769149024565656	0.9941
SRR15372972	557	591.263157894737	11.4122694942017	586.351386254178	11.6823651957317	4.89885005631978	0.96864686	31.8947320746822	127.26422105654	0.774820009034201	0.9937
SRR15372973	540	602.307692307692	18.1561009065329	583.763876556746	11.5758029002181	4.96265410246386	0.97438136	39.0340783117293	122.276914469907	0.788778441813682	0.9919
SRR15372974	427	518.375	26.2258567688035	489.949191055669	10.8728295338346	4.5228673178261	0.96541812	28.9168778562646	90.6028746243395	0.746744032468007	0.9914
SRR15372975	564	603.06	12.9382222990384	591.436434022574	11.6757975909216	4.9415096220614	0.97078894	34.2336087769496	129.334368799028	0.78002640954383	0.9937
SRR15372976	552	572	7.36341844460949	578.949025783588	11.4683326943623	4.86645602976399	0.97267988	36.6030603086663	125.79144609717	0.770795754478116	0.9944
SRR15372977	581	632	16.1033213347371	612.885102827795	11.9083128447932	5.02080688561545	0.97525156	40.4065872434788	134.401862773853	0.788845797333125	0.9931
SRR15372978	530	577.385964912281	14.4612410989429	569.482154357027	11.4153564342051	4.67425893820313	0.96475218	28.3705488736608	119.369922844332	0.7451539275081	0.9926
SRR15372979	460	516.28813559322	16.2954419436069	520.226360796216	11.2855503221708	4.78115967222367	0.97328766	37.4358816936292	99.5831288869546	0.779804771594194	0.9918
SRR15372980	608	644.15873015873	11.6035273671971	637.480121563452	11.7526967922933	5.00328938259297	0.97475448	39.6109884050715	142.566003189227	0.780523070699489	0.9932
SRR15372981	547	590.181818181818	13.055923943848	585.973638108664	11.4213131846089	4.84577927643502	0.97065056	34.0722003554412	124.32360005159	0.768628539670814	0.9924
SRR15372982	612	642.51724137931	10.4613198882592	636.171914056436	12.0589223018091	5.06926369282283	0.97253218	36.4062382817421	143.787522250613	0.790007042468987	0.994
SRR15372983	512	556.333333333333	13.3081788003102	558.087177158696	11.4763627059711	4.6075184890368	0.96280298	26.8838740307691	114.187523714035	0.738582674993066	0.9923
SRR15372984	437	507.895833333333	20.4598838811873	494.729349811135	10.8500707408004	4.44164675073755	0.9567351	23.1134245080885	93.3002459895401	0.730542031994765	0.9917
SRR15372985	551	615.881355932203	18.1263955060599	602.793732293866	11.8025032033544	4.90725572601365	0.97573142	41.2055423102629	125.497482271412	0.777481290705914	0.9912
SRR15372986	603	657.923076923077	15.6289495015021	646.451401215274	12.0342034529384	4.85974838554924	0.96640972	29.7705169471645	141.043454916786	0.759108285254557	0.9915
SRR15372987	581	611.089552238806	10.0442865149916	609.198137313533	11.5230834963472	4.89800735668259	0.96997788	33.3087736642183	134.401862773853	0.769552107191266	0.9936
SRR15372988	466	507.708333333333	12.4861127337036	516.000430527074	10.9567495466058	3.94959835073146	0.88248524	8.50956935111811	101.240124041415	0.642818851174491	0.9922
SRR15372989	584	639.378787878788	15.6672749308922	632.022604731903	12.0308801377821	5.08139656575559	0.9749334	39.893723121604	135.301989043069	0.797719867146106	0.9914
SRR15372990	445	522.34375	20.2743840778601	515.08349596698	10.5112224683783	3.45094605449454	0.86202724	7.24780746576353	95.4731426648183	0.565907513555026	0.99
SRR15372991	518	577.776119402985	16.5198239408928	569.371681831279	11.0986303605442	4.73765698701835	0.97017476	33.52864888933	115.907797847066	0.758028120653099	0.991
SRR15372992	258	360.692307692308	28.9845002314957	350.715903541984	9.49085808047855	1.71747670241755	0.46451616	1.86746998751634	48.3432458162362	0.309290329985681	0.991
SRR15372993	535	582.844827586207	14.5041562183631	578.371335129574	11.8167888611369	5.11753105592002	0.98189388	55.2299443503081	120.820937404053	0.814599453047506	0.9925
SRR15372994	474	529.014705882353	15.4804039618026	534.697100094145	11.2582830071284	4.7519680334403	0.97504788	40.0767550011783	103.460942634653	0.771272217493395	0.9913
SRR15372995	583	606.130434782609	8.30599180680297	609.875668525227	11.9883229687321	5.09464752689223	0.97698236	43.4449404891205	135.001751954791	0.800015354104548	0.9943
SRR15372996	596	632.013333333333	11.1419776284985	631.35105485104	11.6027974131798	4.88669954194584	0.97298	37.0096225018505	138.920018995219	0.764712910912948	0.9926
SRR15372997	534	580.568965517241	14.2178834538377	569.851657196376	11.0681921858485	4.62631806770016	0.95793418	23.7722692675431	120.530337161711	0.736628420616575	0.9926
SRR15372998	592	617.679012345679	8.65645791883307	623.452115595082	11.8885450557791	4.95344387939065	0.97285716	36.8421285318706	137.710897195587	0.775975363183853	0.9935
SRR15372999	609	641.050847457627	10.7949363352057	633.995996588656	11.8204937240708	5.05033268987513	0.97432206	38.9439339760121	142.871092881564	0.787659986451698	0.9938
SRR15373000	530	568.585714285714	11.8799918302828	567.978889990237	11.2260528977575	4.72405567492788	0.96985534	33.1733713367475	119.369922844332	0.753092348215661	0.9926
SRR15373001	564	611.263888888889	13.668579070716	609.952794027584	11.7452636016925	4.95845936869838	0.97662438	42.7796139738753	129.334368799028	0.782701958318011	0.9917
SRR15373002	598	642.375	13.8360082807805	629.624139978864	11.6970103272287	4.86087369717368	0.96751534	30.7837607042832	139.525745088731	0.760272886432421	0.9929
SRR15373003	605	630.697368421053	8.76796897138742	633.898298152795	11.9966921483966	4.94303051742718	0.96796756	31.2183523952593	141.651895209817	0.771718065923104	0.9937
SRR15373004	599	643.507042253521	13.1268080080088	642.112592408688	12.2538485667081	5.15760982132617	0.97952058	48.829507866922	139.828899220812	0.806473627731821	0.992
SRR15373005	491	551.06	17.8367336596469	532.552897942493	10.8351793711615	4.28026042835165	0.94103414	16.9589657472985	108.223542319885	0.690760755697335	0.9922
SRR15373006	553	584.109090909091	10.7299124642484	579.631936223859	11.5552208509117	4.78939592396888	0.9588854	24.3222602189976	126.085607078735	0.758372830616156	0.9941
SRR15373007	207	318.130434782609	36.3375628376223	292.520073734386	8.93237058130567	1.45311272182922	0.40136762	1.670474290081	36.9316057099774	0.272490033351156	0.9928
SRR15373008	579	625.88679245283	14.6015942646769	612.606784712432	11.9383530064768	5.03074425598155	0.97565426	41.0749478142788	133.802754023397	0.790835567671499	0.9929
SRR15373009	574	613.06	12.9382243806945	601.221455602053	11.7725088472716	5.06699606006613	0.97705732	43.5868869722282	132.308400009614	0.797621857651845	0.9937
SRR15373010	613	649	11.2699822522315	644.620633061974	11.5597836499267	4.7775567609575	0.9641245	27.8741759696729	144.093385281099	0.744357294831915	0.9928
SRR15373011	557	598.142857142857	13.5078350651132	587.259826107762	11.711791253788	4.95668803672374	0.97007182	33.4133248329835	127.26422105654	0.783967875162764	0.9936
SRR15373012	536	576.140845070423	12.1841041913345	578.271245604579	11.4278907193453	4.62041334850121	0.9620902	26.3784034735082	121.111736145834	0.735250589830485	0.9924
SRR15373013	607	641	10.9550590319804	635.755333749928	11.5506285594624	4.90268830973214	0.97009272	33.4366749500456	142.261106974555	0.76502555728108	0.9932
SRR15373014	604	630.818181818182	9.29047184739716	628.618992277748	11.7758013634558	5.02918667078629	0.97084242	34.2963990838746	141.347578335437	0.78537181194968	0.994
SRR15373015	595	652.258620689655	16.5745624372113	634.191442212072	11.7826094160856	4.87570097350619	0.9653594	28.8678602564621	138.617447155102	0.763192315765143	0.9918
SRR15373016	580	624.842105263158	13.8848222124307	613.929336171671	11.7058840079857	4.74549966808507	0.96290906	26.9607618464239	134.102210811927	0.745792662057333	0.9928
SRR15373017	577	617.571428571429	12.6103597594128	613.112845990824	11.8857222902682	5.0813710096451	0.97801812	45.4920143318042	133.204426231582	0.799228857314185	0.9928
SRR15373018	577	615.518518518518	12.5784629079575	605.313219743063	11.721714284068	4.94887219640032	0.97292228	36.9307312432509	133.204426231582	0.778388640194808	0.9935
SRR15373019	492	538.95652173913	13.7366556959396	537.140607209847	10.5921286793477	3.63555109482738	0.83641872	6.11316893962439	108.505523247501	0.586523123029245	0.9919
SRR15373020	573	620.193548387097	14.1337127788324	612.100789662528	11.735867466021	4.94250897347846	0.97607132	41.7908551579109	132.010115662856	0.778239318725322	0.9923
SRR15373021	592	640.684210526316	14.7531310190856	626.933950327931	11.8434933461796	4.98988498685189	0.97313806	37.2273931071248	137.710897195587	0.781683997880353	0.9925
SRR15373022	598	628	10.2963732624755	622.027753542009	11.6762939003349	4.96694380172861	0.9708151	34.2642942069358	139.525745088731	0.776862954304592	0.994
SRR15373023	552	608.660377358491	16.818637422058	589.923047257472	11.4040100211035	4.70676295049256	0.96683874	30.1556695975967	125.79144609717	0.745502040373003	0.9922
SRR15373024	591	624	10.7244249704569	620.295170934751	11.3366043506119	4.68395653056116	0.96146522	25.9505828241396	137.40910260179	0.733953551432052	0.9933
SRR15373025	540	591.12	15.7977039565395	576.969136121253	11.5895288136621	5.0125080925876	0.9775088	44.4618339617273	122.276914469907	0.79670237764239	0.9928
SRR15373026	296	407.978260869565	29.5841634038715	397.692984682795	10.1647569615687	2.12096014192566	0.65029422	2.85954667377817	57.273105876194	0.372728675393952	0.9898
SRR15373027	527	571.27868852459	13.5397537598945	568.991999251815	11.5609652129279	4.88488206276007	0.97354382	37.7983518406663	118.501700437271	0.779436053613601	0.9926
SRR15373028	495	563.441860465116	17.1979414368766	567.460787440617	10.7430917710923	2.86474369219223	0.66993044	3.02966441376781	109.352680323351	0.461716016163935	0.9891
SRR15373029	520	578.957746478873	16.1251003719737	586.373423463432	11.9451737481722	5.00630807746276	0.98089796	52.3504295876252	116.482823198751	0.800518886637314	0.9908
SRR15373030	547	604	17.1453207371226	586.586167897031	11.6878746127783	4.75173160238354	0.95635944	22.9144630591358	124.32360005159	0.753710871687635	0.9924
SRR15373031	524	594.873015873016	19.0546959512056	587.013936553403	11.7696939865988	4.71952438597652	0.96950062	32.7875517469535	117.635270576264	0.753738026642174	0.9905
SRR15373032	556	649.196078431373	24.866114433968	619.346750245308	12.145744953048	4.86824701652408	0.97378772	38.1500579117879	126.969272204089	0.77019861983428	0.9902
SRR15373033	602	666.909090909091	18.4593922491941	645.091311607793	12.0637237472541	5.03810603474875	0.97655488	42.6527993885295	140.739525236846	0.787172403266608	0.9915
SRR15373034	569	610.553846153846	12.7407616800633	601.667603517667	10.8666048173053	4.24797572714463	0.91592126	11.8936130584259	130.818935399006	0.669617873674452	0.9926
SRR15373035	550	602.258064516129	15.2361841631922	593.818888025948	11.5944180235126	4.65261548300433	0.96117954	25.7596123281383	125.203715677438	0.737349562681184	0.9919
SRR15373036	576	619.671641791045	13.1184636649641	612.453047978652	11.3036222104111	4.47771174460098	0.9447582	18.1022341777422	132.905555361652	0.704473867283541	0.9923
SRR15373037	489	561.016129032258	19.3652121539708	550.942923745123	11.1141657546272	4.75214933016161	0.97519186	40.309350076225	107.660188224898	0.767421051051003	0.9905
SRR15373038	594	644.538461538462	15.5116323639157	627.637662143341	11.9115075441461	5.17863099724346	0.9820182	55.6117852495301	138.315069534126	0.8108233674533	0.9927
SRR15373039	621	638.55223880597	6.91067070936308	638.573117210249	11.6384023182564	4.93584821562423	0.96795736	31.2084147872959	146.547239790168	0.767469152612859	0.9951
SRR15373040	563	597.546875	11.1909982209147	595.671789014763	11.6960771760017	4.96965868780392	0.97282622	36.8001801736821	129.038044012842	0.784689604691224	0.9933
SRR15373041	574	626.258064516129	15.2361888371952	611.894032981864	11.0012025378985	4.48283475618173	0.95278442	21.1794496647081	132.308400009614	0.705666028428935	0.9919
SRR15373042	574	625.428571428571	14.9997095071833	616.287152262436	11.7754843185064	4.96448562800738	0.97508986	40.1442946526997	132.308400009614	0.781485164376751	0.9919
SRR15373043	555	603.22641509434	14.9101876289989	589.669342176336	11.5222151286757	4.98275394666892	0.97536742	40.5966407091746	126.674520207245	0.788539181868843	0.9928
SRR15373044	552	601.714285714286	13.9652737759244	597.545228493502	10.6764661195484	3.91126616533425	0.88321016	8.56238864613566	125.79144609717	0.61950366682338	0.9912
SRR15373045	592	620.714285714286	9.44749888828943	622.488549794193	11.6415900450753	4.76288061757695	0.96371526	27.5597951094592	137.710897195587	0.74612292114638	0.9933
SRR15373046	587	629.203125	12.9303843930135	624.775554610651	12.0336497979045	5.08699475833219	0.97658328	42.7045290715352	136.203869521516	0.797956855400817	0.9926
SRR15373047	599	648.693548387097	14.6806435661599	637.490740352378	11.8223382735376	4.9440708091281	0.97304994	37.1056687814424	139.828899220812	0.773083435802692	0.9921
SRR15373048	572	610.478260869565	13.0516869798538	596.245801334493	11.6266967887559	5.0603614167619	0.9759778	41.6281606180949	131.712026959731	0.79701537856272	0.994
SRR15373049	614	641.727272727273	9.51078449020542	641.270365521787	12.0623103935583	5.08197954190231	0.97644674	42.4569677403468	144.399441504433	0.791586223786786	0.9939
SRR15373050	567	635.653846153846	19.5447700787965	612.08935203117	11.7445077786863	4.97690383734377	0.97588982	41.4762560876775	130.224520508552	0.784956119823943	0.9915
SRR15373051	561	596.545454545455	11.3456340473479	594.627650078737	11.4911838501783	4.77043756722054	0.96657836	29.9207339915097	128.445983545178	0.753656857612524	0.9931
SRR15373052	587	617.015873015873	10.1573105340193	615.041464727643	11.899322653033	4.99798927666855	0.97334378	37.5146963823078	136.203869521516	0.783995265575032	0.9938
SRR15373053	517	552.661290322581	11.5290372253298	553.106488381796	11.3739506571905	4.74738743811963	0.96410764	27.8610824141962	115.620585066158	0.759819920168704	0.9933
SRR15373054	596	645.137931034483	14.7928200838576	630.868419031938	11.7768537097385	5.03946118673771	0.97694402	43.3726955002563	138.920018995219	0.788618371247045	0.9924
SRR15373055	620	649.5	10.1373114350002	643.796144853096	11.9859997487345	5.099478128094	0.97580578	41.3321859518513	146.239832772077	0.793110515242755	0.994
SRR15373056	507	573.134831460674	16.63490511665	574.757862531016	10.190834775973	2.64735400915364	0.61746184	2.61411828822515	112.759505242323	0.425038023955846	0.9891
SRR15373057	595	641.125	13.4286111830492	634.392235537584	11.2948837290923	4.3188759104119	0.91872778	12.3043273581059	138.617447155102	0.676032620843697	0.9918
SRR15373058	594	622.651515151515	9.73311081145151	621.293934243238	11.7867548589449	4.9332424711031	0.97003376	33.3708867045048	138.315069534126	0.772402643674093	0.9938
SRR15373059	529	608.071428571429	23.0899197833415	576.80285325601	11.7380978713297	4.8187815717957	0.96570594	29.1595687416421	119.080316345954	0.768424567220536	0.9918
SRR15373060	599	645.444444444444	13.9166564043325	636.84537171813	11.8678804677915	5.036953425728	0.97786608	45.1795253619784	139.828899220812	0.78760709760681	0.9923
SRR15373061	573	607.381818181818	11.5326539018882	598.941161926459	11.351511249584	4.6524329681272	0.95919502	24.5068126488482	132.010115662856	0.73256442890833	0.9938
SRR15373062	599	622.130434782609	8.30599323689602	622.433753604602	11.6774766992518	4.90645938962511	0.96665796	29.9921660462287	139.828899220812	0.767202297255665	0.9943
SRR15373063	579	637.75	15.8254154310233	632.221290010675	11.5693502785029	4.60499081145045	0.95896554	24.3697614151618	133.802754023397	0.723906908637894	0.9905
SRR15373064	586	650.555555555556	18.4700179136411	629.710693752401	11.9660888580406	5.06160268768507	0.9759062	41.5044534278528	135.903047890832	0.794186209824723	0.9916
SRR15373065	519	545.329113924051	8.84991414346788	551.59372096262	11.1631741602836	4.63636000004369	0.96594048	29.3603667931903	116.195210587699	0.741591695375825	0.9935
SRR15373066	603	634.515151515152	10.4121681966722	630.297394072271	11.7208356542525	5.05424662846078	0.97636668	42.3131409383024	141.043454916786	0.789489534642003	0.9935
SRR15373067	454	505.1875	14.1415108003627	515.003616132773	10.661425287356	4.13138574012624	0.92729916	13.754999254479	97.9335495067356	0.675272982169827	0.9909
SRR15373068	609	636.125	9.20178150651675	636.741903194241	11.9874762333015	5.0853698887462	0.9744898	39.200006272001	142.871092881564	0.793124458058376	0.9937
SRR15373069	574	619.818181818182	15.0245731689222	599.077547114318	11.5322943101219	4.91692004906121	0.97007062	33.4119851463679	132.308400009614	0.773997622450611	0.9936
SRR15373070	521	576.862068965517	16.2716670320024	566.918937255771	11.3911494765529	4.99455377734461	0.97925884	48.2133111166396	116.770635591353	0.798394076491064	0.9919
SRR15373071	578	620.368421052632	13.3181758816679	609.373518326164	11.5313482613704	4.8222864879746	0.9690509	32.3111172861246	133.503492474445	0.758271951479242	0.993
SRR15373072	583	638.337837837838	15.2401819714401	635.168166206851	11.9253757434732	4.87606252200343	0.97357522	37.8432668124389	135.001751954791	0.765690828381228	0.9909
SRR15373073	612	640	9.87501552935223	634.177375681252	11.8430764770906	5.05254866678142	0.9729461	36.9632474430674	143.787522250613	0.787402129983084	0.9943
SRR15373074	538	585.647058823529	13.9303849642113	582.578501176192	11.3893883293382	4.68953378944631	0.96620294	29.5883724797364	121.693928799425	0.745807772960727	0.9919
SRR15373075	531	577.95652173913	13.7366630172834	575.4253963806	11.12965235044	4.19908760697582	0.91355948	11.5686485921186	119.659728259101	0.669202687330716	0.9919
SRR15373076	595	626.544117647059	10.3535777702945	625.43957259381	11.8199797527109	4.88550392207399	0.96907986	32.3413800843075	138.617447155102	0.764726768976987	0.9934
SRR15373077	570	601.0625	9.90506351230281	607.780932759126	11.8412544567821	4.83324828587294	0.9646237	28.2675124306386	131.11643675878	0.76166486874483	0.9929
SRR15373078	248	337.25	25.7430417549846	335.356066743274	9.61328383609077	1.16678390546623	0.29176172	1.4119541801666	46.0525558150289	0.211625824724372	0.9915
SRR15373079	592	625.6	11.1258677717443	620.747209198793	11.8284768821815	5.01678423972793	0.9756401	41.0510716382251	137.710897195587	0.785897865651563	0.9936
SRR15373080	538	589.770833333333	16.11219800034	575.134376570645	11.6138094593013	5.01569156029061	0.97855116	46.6225679337437	121.693928799425	0.797678814225993	0.9929
SRR15373081	592	613.25	8.04848801533304	612.769159275225	11.7913813564005	5.03697260883031	0.9740258	38.4997420517283	137.710897195587	0.789060448579268	0.9949
SRR15373082	524	600.661290322581	20.3044361557814	587.476739384116	11.6319229034129	4.80423778569526	0.97159796	35.2087385272325	117.635270576264	0.767267294744671	0.9902
SRR15373083	515	562.5	14.311269393966	557.802398805868	11.2889697718333	4.54092359139495	0.96259144	26.7318496087527	115.046759742937	0.727226492122154	0.9924
SRR15373084	615	672.342465753425	15.6940902792848	659.695976736744	11.6051849011349	4.86551733536527	0.96909962	32.3620615668804	144.705690864508	0.757677286588086	0.9908
SRR15373085	615	668.632653061224	16.4603729564883	646.040769195788	11.7552555995622	4.84395673642656	0.96319884	27.1730565014798	144.705690864508	0.754319786249457	0.9927
SRR15373086	581	630.846153846154	14.5504973424208	623.086987188877	11.7729184882392	4.83308526480552	0.97183914	35.5102791605086	134.401862773853	0.759351850440099	0.9919
SRR15373087	612	643.776315789474	10.169789888499	642.508771168259	11.1597168105763	4.71728146101328	0.9620085	26.3216772172723	143.787522250613	0.735153229607132	0.993
SRR15373088	582	635.77358490566	16.1716811745363	618.066703419757	11.7413899140461	4.85300473059199	0.96804458	31.2935958907753	134.701709843317	0.762275545050438	0.9924
SRR15373090	561	591.783783783784	9.99970531068544	595.215142459507	11.6775797359827	4.9807872107651	0.97519266	40.3106499931069	128.445983545178	0.786888914236227	0.9932
SRR15373091	543	628.212765957447	23.7226545281176	597.889403695443	11.8909953978418	4.78839245665396	0.96964646	32.9450864709685	123.152878470436	0.760411200341714	0.991
SRR15373092	589	631.654545454545	13.4966660004585	620.036399224938	11.8342576952894	4.82059470471103	0.9625708	26.7171085676424	136.806096876879	0.75576553932169	0.9931
SRR15373093	424	472.372093023256	15.7405357738449	461.273769658165	10.3431378733679	4.32669845045783	0.94964278	19.8581256074104	89.7977758497383	0.715188277710978	0.9935
SRR15373094	419	498.285714285714	24.3628692221531	468.104176771875	10.5979041209652	4.69385518191231	0.97102172	34.508604375415	88.4601608736259	0.777402373148586	0.9925
SRR15373095	556	590.875	11.6050671666743	587.486842477033	11.7840057558923	4.97687358286344	0.97404282	38.5249861502675	126.969272204089	0.787384278488809	0.9937
SRR15373096	585	611.029411764706	9.04339297469399	610.980207831264	11.4894683761559	4.80577431697883	0.96730142	30.5823677970114	135.60242104327	0.754247815498476	0.994
SRR15373097	517	568.942307692308	15.8324572699628	556.024531963236	11.1532759507319	4.60652843094957	0.96646216	29.8170663346238	115.620585066158	0.73727541943476	0.9926
SRR15373098	566	606.678571428571	12.9804951676792	597.681916135537	11.7283677331565	4.9649188348016	0.97002286	33.3587527028929	129.927607117981	0.783283922829937	0.9932
SRR15373099	545	615.288461538462	19.898824154074	593.391548349218	11.6338342499039	4.63528465109701	0.96085698	25.5473389636262	123.737843869727	0.735667709101155	0.9914
SRR15373100	589	652.01724137931	17.8096947694132	631.510885285494	11.7040127848853	4.84307214828698	0.9700849	33.4279343876504	136.806096876879	0.7592895188942	0.9914
SRR15373101	440	499.333333333333	16.488952999612	499.342014971644	10.3940761062129	3.74619840396841	0.89276642	9.32543705059553	94.1135190649758	0.615465262317795	0.9911
SRR15373102	556	588.084507042254	10.3845392817509	586.874857222503	11.1109190767904	4.82270325256958	0.96730344	30.5842571817953	126.969272204089	0.762993203999638	0.9932
SRR15373103	590	619.092307692308	9.86987357590645	616.092427789893	11.520174939747	4.86698879784106	0.96901362	32.2722434824591	137.107502474667	0.762836257406121	0.9938
SRR15373104	604	654.622222222222	16.1027391861578	632.009600616194	11.9318532248973	4.98921509479953	0.97048916	33.885853469437	141.347578335437	0.779129739202301	0.9932
SRR15373105	556	592.544117647059	11.4982288614484	591.544400466221	11.3538676286626	4.58410914754172	0.9557361	22.5917734316226	126.969272204089	0.725245561004262	0.9929
SRR15373106	544	598.48275862069	15.9711600050634	586.825516025429	11.5490612080383	4.79176707688609	0.96810926	31.3570647780516	123.445262282994	0.76072482712539	0.992
SRR15373108	598	617.217391304348	7.31159980625776	617.815027359857	11.3409585940061	4.83347239078826	0.96678942	30.1108863500728	139.525745088731	0.755987140372041	0.9948
SRR15373109	601	640.964912280702	12.7613381555852	629.165855221965	11.4646914867298	4.74973198382129	0.9642422	27.9659263153773	140.43578935462	0.742308589997705	0.9932
SRR15373110	562	608.470588235294	13.6786466864518	606.364482738025	11.7509218209786	4.77846598099454	0.96575076	29.1977281831655	128.741915570899	0.754712877652366	0.992
SRR15373111	587	624.818181818182	12.3588217840757	613.729430777541	11.4732529789275	4.87250353578693	0.96820202	31.4485385549648	136.203869521516	0.764311304425371	0.9935
SRR15373112	597	643.105263157895	14.1718183653263	628.628367989585	11.6558542091492	4.84314068417677	0.96792738	31.1792426063103	139.222784993365	0.757697666953351	0.9927
SRR15373113	577	608.638888888889	10.2524678106857	606.860875901328	11.2994831731737	4.98042070543013	0.97402202	38.4941400370622	133.204426231582	0.783350781076472	0.9932
SRR15373114	570	615.566037735849	14.2957082382022	603.494523358156	11.6827497113039	4.7278229854031	0.96164112	26.0695828449632	131.11643675878	0.745051042412041	0.993
SRR15373115	559	610.890625	15.0425057253711	604.820601268339	11.8393032949946	4.82662949577777	0.96706434	30.3622274458748	127.854709032091	0.762964820268551	0.9918
SRR15373117	562	600.951612903226	12.2876268814893	595.059572450996	11.2301540394372	4.77169787940462	0.96972242	33.0277386766049	128.741915570899	0.753643920910288	0.993
SRR15373118	598	640.368421052632	13.3181793638651	627.587977769079	11.4415933392071	4.70909481804482	0.95480764	22.1276339629088	139.525745088731	0.73653366304921	0.993
SRR15373119	531	623.5	23.0501751848628	617.327079177325	12.2514104161034	4.90393161680711	0.97736078	44.1711331044091	119.659728259101	0.781532686053406	0.9889
SRR15373120	558	600.387096774194	13.0657955275596	594.277633451628	11.5524497069566	5.03766812452561	0.9802217	50.5604627293549	127.559366690464	0.796549998899616	0.9927
SRR15373121	601	641.217391304348	12.2780240491094	637.815059437323	11.8121402749987	4.88102163519763	0.96729404	30.5754669791072	140.43578935462	0.76282710268988	0.9925
SRR15373122	532	567.16393442623	11.4541189475487	566.943595962935	11.5383433693054	4.73629574629625	0.96401828	27.7918898818622	119.94973250605	0.754590531442313	0.9934
SRR15373123	479	531.353846153846	15.0856833710147	533.001892564047	11.1539819490199	4.52314231590424	0.96169708	26.1076701201893	104.855600080814	0.732884274684638	0.9917
SRR15373124	518	556.828125	12.1724475921816	557.96765349169	11.4324799171027	4.88347973042114	0.97540008	40.6505387009389	115.907797847066	0.781359852020097	0.9929
SRR15373125	593	648.611111111111	16.5068808690219	629.127638620093	11.8711156120841	4.83482827114581	0.96187974	26.2327696610674	138.012886193712	0.757193590206857	0.9922
SRR15373126	581	622.637931034483	13.0966401676332	613.450603841127	11.7126463047773	4.88181714887146	0.97054172	33.9463132267057	134.401862773853	0.767008377133384	0.993
SRR15373127	609	636.5	9.78602239224531	629.816798039165	11.4871062863978	4.81110868166616	0.9642108	27.9413901400422	142.871092881564	0.750350131708355	0.9944
SRR15373128	592	650.163265306122	17.4991773179068	626.977298962596	11.7409892420834	4.86363785525763	0.96713508	30.4275805326774	137.710897195587	0.761906916283171	0.9924
SRR15373129	584	648.909090909091	18.4593879525303	626.018473712909	11.5016387700251	4.69972191235613	0.9638628	27.6723155086725	135.301989043069	0.737801407749584	0.9915
SRR15373130	564	643.732142857143	21.4882755030287	615.448455185792	11.4969680068848	4.72172424638824	0.9663226	29.6935036552703	129.334368799028	0.745332882551352	0.9905
SRR15373131	561	612.775862068965	15.3772442024403	601.891070125981	11.6904931405078	4.73355261831248	0.96456874	28.2236646396431	128.445983545178	0.747829594537484	0.9922
SRR15373132	569	605.98275862069	12.0136504647091	601.204487884956	11.8154972431512	4.92257320336077	0.9708041	34.2513846122229	130.818935399006	0.775956176109536	0.9934
SRR15373133	546	596	15.0474371145196	584.897021621882	11.5378796683306	4.76797670214331	0.9658641	29.294672177971	124.030623152007	0.756507210810691	0.9924
SRR15373134	600	615	6.23009158744336	616.912543589785	11.9021406045909	5.12662149164865	0.97362852	37.9197527025408	140.132247329409	0.801419081960411	0.9955
SRR15373135	507	555.435483870968	14.4060837577183	553.400055364953	11.34053626302	4.58492821938622	0.96375954	27.593468736324	112.759505242323	0.736119470085655	0.9922
SRR15373136	598	649.333333333333	15.3441994904216	633.463553077218	11.7193849317533	4.74595865706496	0.9609726	25.6230238242876	139.525745088731	0.742299411974782	0.9923
SRR15373137	562	600.149253731343	11.8971137508956	596.672525473007	11.3309073066209	4.53108032382368	0.95573182	22.5895891812132	128.741915570899	0.715640685455973	0.9928
SRR15373138	585	664	23.5578603103464	618.941215871741	11.3543984607456	4.73255788350628	0.96144322	25.9357757572079	135.60242104327	0.742756777558938	0.9921
SRR15373139	531	599.352941176471	19.5788109595875	577.470731809756	11.4735708650239	4.6114508298135	0.96245956	26.6379403118344	119.659728259101	0.734920434305295	0.9916
SRR15373140	593	621.651515151515	9.7331107030385	619.193943425456	11.6850136056378	5.00418797651983	0.9732949	37.4460309079539	138.012886193712	0.783717403702749	0.9938
SRR15373141	581	621.78431372549	13.2937073352978	607.295576557632	11.4139222260321	4.81014525997942	0.96435974	28.0581567025605	134.401862773853	0.755747623707198	0.9935
SRR15373142	561	600.818181818182	12.3110256338086	599.341810466636	11.7475212582137	4.80366164133071	0.96431656	28.0242039444628	128.445983545178	0.758905757936264	0.9927
SRR15373143	612	644.5	10.7127972324512	640.021171043107	11.9016205901421	5.13400750784043	0.97726466	43.9843873018833	143.787522250613	0.800096884489363	0.9935
SRR15373144	590	625.576923076923	10.955129762374	627.124324907125	11.6300438151361	4.72378139891051	0.9625496	26.7019844914874	137.107502474667	0.740390387737896	0.9925
SRR15373145	592	649.055555555556	16.8275182101911	632.312867414384	12.1688719390938	5.13078659392441	0.9771105	43.6881539570545	137.710897195587	0.80375675743582	0.9921
SRR15373146	562	607.016666666667	13.7576133948494	599.767164633473	11.7988318617127	4.85081009156792	0.9664149	29.7751086047086	128.741915570899	0.766138936159258	0.9926
SRR15373147	534	609.566037735849	20.9263521358551	586.361226672371	11.4728102590803	4.70177576934849	0.96914566	32.4103513476548	120.530337161711	0.748643220890825	0.991
SRR15373148	594	625	10.4649290754221	619.430512286807	11.7299735541289	4.91884680938057	0.97014814	33.4987501616315	138.315069534126	0.77014870070716	0.9938
SRR15373149	638	671.06	11.4535929219939	660.218406945103	12.3736918811228	5.30830584277447	0.97959492	49.0074040386022	151.802668040081	0.821930597296815	0.9942
SRR15373150	586	607.873015873016	8.133336859315	606.175088907669	11.4249482503428	4.8856492226966	0.96990344	33.2263886636878	135.903047890832	0.766578389913312	0.9947
SRR15373151	549	610.132075471698	17.8093030779381	592.901779638365	11.6546702422441	4.77676035315309	0.96739884	30.6737551669941	124.910146391597	0.757242518873883	0.9919
SRR15373152	545	581.65625	11.6775570487742	580.264028783332	11.5236262681632	5.04272693584843	0.9808677	52.2676311786873	123.737843869727	0.800333021973166	0.9931
SRR15373153	584	620.075949367089	11.0342806228593	622.249201032466	11.6310170242279	4.84797215762073	0.97139086	34.9538643943858	135.301989043069	0.761074963439736	0.9924
SRR15373154	601	634.6	11.1258689895752	626.645223072314	11.4854371934347	4.8116662674324	0.96491134	28.4992359354846	140.43578935462	0.751987946832256	0.9936
SRR15373155	583	629.2	13.7627842499639	622.132510832457	11.7781899491255	5.08871277546086	0.97951344	48.8124897493771	135.001751954791	0.799083416763872	0.9922
SRR15373156	581	666.263157894737	25.1997468515876	619.360708856683	11.872064781751	4.9949717761077	0.97456172	39.3108339085819	134.401862773853	0.784786705234359	0.9919
SRR15373157	551	606.378787878788	15.6672688955291	595.329792700249	11.3592070464172	4.84278535545926	0.97470928	39.5401949806095	125.497482271412	0.767266924528662	0.9914
SRR15373158	557	620.406779661017	17.8154917683332	605.912885289486	11.7721965606705	4.87881239145997	0.97344268	37.654401874888	127.26422105654	0.7716507788089	0.9913
SRR15373159	526	578.777777777778	15.873470189692	570.970498226094	11.6721216008314	4.83560189183539	0.97018812	33.5436745351182	118.212691197458	0.771806769960931	0.9924
SRR15373160	475	515.217391304348	12.2780043450886	517.343177301708	10.6855329592867	4.58587178440301	0.96708296	30.3794022791843	103.739465821673	0.744059313894042	0.9925
SRR15373161	582	611.615384615385	10.4856056910347	604.299303653708	11.671437898676	4.96231201625216	0.97245934	36.3099504514416	134.701709843317	0.779444757812451	0.9944
SRR15373162	517	556.590163934426	12.479118476676	552.853530490623	11.2234253342211	4.74835360632945	0.96910954	32.3724541492746	115.620585066158	0.759974555504796	0.993
SRR15373163	597	629.5	10.7127954525064	624.606617476478	11.7423341034482	4.88818266979542	0.96867294	31.9212846657171	139.222784993365	0.764744376855812	0.9935
SRR15373164	601	632.015384615385	10.3279110350954	629.240098275618	11.9868948024852	5.09469845996959	0.97539346	40.6396023171076	140.43578935462	0.796221438002258	0.9936
SRR15373165	609	653.264150943396	13.9925492105744	638.500835126363	11.8481824639092	4.98401369576298	0.9707568	34.1959840236363	142.871092881564	0.777316743498894	0.9931
SRR15373166	494	551.677966101695	16.5948501748069	546.891286198977	11.330633506873	4.49155507743009	0.9563034	22.8850757267156	109.070092350897	0.72414822373584	0.9917
SRR15373167	565	609.047619047619	13.3877835789527	603.867799223797	11.6944298639671	4.92967420904897	0.97532164	40.5213312391909	129.630889857833	0.777940631193137	0.9925
SRR15373168	539	627.892307692308	22.449577388661	603.629039093408	11.0223779346389	3.49024942333333	0.77424068	4.42949597828342	121.985322548091	0.55491371334442	0.9892
SRR15373169	547	578.544117647059	10.3535720088911	578.740298122435	11.3894261908967	4.87820913324657	0.97267176	36.5921844948668	124.32360005159	0.773772503533141	0.9934
SRR15373171	502	576.794520547945	19.1190972509582	572.884501211049	11.0991499947032	3.73643115501761	0.89876374	9.87788367527603	111.336450623152	0.600847631798333	0.9895
SRR15373172	594	617.263157894737	8.66248995900238	612.836517981972	11.3536358580932	4.81998505747676	0.96603402	29.4412232474965	138.315069534126	0.754669818617734	0.9948
SRR15373173	540	578.518518518518	12.5784557639552	572.12243739275	11.5386880981189	4.88711492923624	0.971416	34.9846067730199	122.276914469907	0.776772029493953	0.9935
SRR15373174	599	650.526315789474	14.3764326436188	647.451262826764	12.0755342181393	4.9608132834698	0.97396676	38.4124296476351	139.828899220812	0.775701385683996	0.9911
SRR15373175	596	615.463414634146	7.14754107793954	619.84858891382	11.8172960759385	5.10712552419747	0.97638648	42.3486206207291	138.920018995219	0.799207070638055	0.9943
SRR15373176	553	597.722222222222	14.0365112334169	586.597320054378	11.51458432471	4.73361881367418	0.96228872	26.5172648608056	126.085607078735	0.749540851450247	0.993
SRR15373177	584	647.068181818182	19.1421084087776	616.114464161965	11.2944651056653	4.71983067846205	0.96419296	27.9274690116804	135.301989043069	0.740958248987796	0.9925
SRR15373178	606	638.514705882353	10.5786796493591	635.351252095823	11.9017511234181	4.9510011102928	0.96438458	28.0777258839008	141.956404295378	0.772763204720226	0.9933
SRR15373179	541	610.157894736842	21.3874054689885	575.789201669626	11.4686723433501	4.71635289551239	0.96206614	26.3616726586749	122.568704484295	0.749410246885195	0.9927
SRR15373180	577	612.5	11.1920778267844	612.127191968742	11.7289936233605	4.8872223885861	0.97012176	33.4691735523913	133.204426231582	0.768691984438031	0.9929
SRR15373181	538	577	12.6393916005625	570.069116827486	11.4046945920644	4.77628834869172	0.96662958	29.9666590950908	121.693928799425	0.759604927972302	0.9934
SRR15373182	618	649.140845070423	10.1676871802492	645.234550332705	11.5066975154138	4.79864283682034	0.96085162	25.5438411500042	145.625597208368	0.74669749562091	0.9933
SRR15373183	558	585.616438356164	9.29225654617377	588.296029120739	11.3829616067968	4.79821097870531	0.9676398	30.9021575886428	127.559366690464	0.758687324240469	0.9936
SRR15373184	611	641	10.2963748843223	635.517887392816	11.8946602606434	5.10360160314208	0.97549972	40.8158600636401	143.481852469363	0.79556110151157	0.994
SRR15373185	589	635.25	14.0333174592082	622.401989636841	11.5127593331279	4.72088295369311	0.95998958	24.9934891960644	136.806096876879	0.740132881962812	0.9925
SRR15373186	563	639.026315789474	19.1612408277713	633.370522985129	11.8313920498767	4.67613428421001	0.96147876	25.959704308584	129.038044012842	0.738343253222748	0.9892
SRR15373187	578	608.5	10.380990706348	604.836154654169	11.5111388553999	4.93723868226722	0.97206972	35.8034362705995	133.503492474445	0.776347406952585	0.9939
SRR15373189	539	595.780487804878	15.1642189244023	605.468465137245	11.8650078987829	4.72662397851703	0.9729157	36.9217591002906	121.985322548091	0.751484534591431	0.9903
SRR15373190	575	631.632653061224	17.1498780107625	607.868781566092	11.3596609786441	4.80472564906697	0.96916036	32.4258000417644	132.606879931826	0.756129343777415	0.9925
SRR15373191	583	633.448275862069	15.0838459885919	619.758234662879	11.7457967661621	4.85695439730406	0.96919062	32.4576476384789	135.001751954791	0.762690268859308	0.9923
SRR15373192	585	632.844827586207	14.5041663363853	619.246146529723	11.4332937589058	4.70471765324962	0.96584714	29.2801247099072	135.60242104327	0.738387360380966	0.9925
SRR15373193	581	619.518518518518	12.5784636291691	612.841903494378	12.0276550119065	5.02896138739945	0.9747844	39.6579894985644	134.401862773853	0.790126994680125	0.9935
SRR15373194	580	625.181818181818	14.081084659895	611.686536238873	11.5945702118683	4.78786177040408	0.96592918	29.3506290720329	134.102210811927	0.752450200202645	0.9929
SRR15373195	465	489.344262295082	8.82055336703915	493.556783767005	10.7647968993625	4.64932848226779	0.96949626	32.7828653142205	100.963444288703	0.756968441455328	0.9945
SRR15373196	603	635.084507042254	10.3845445309359	633.510107583621	11.8977540468125	4.98223026191579	0.9733783	37.5633411840716	141.043454916786	0.77824034719831	0.9932
SRR15373197	591	625	10.95505715437	621.957515875683	11.7641706697689	4.95367917800169	0.97114012	34.6501787256219	137.40910260179	0.77621779827102	0.9932
SRR15373198	595	643.305084745763	14.5476021940052	630.119293290111	11.7115691320898	4.80006344030654	0.96439882	28.0889566020003	138.617447155102	0.751352790651714	0.9924
SRR15373199	558	624.111111111111	18.8063587057488	603.286274827495	11.5283406246309	4.59331151210048	0.95955606	24.7255831157894	127.559366690464	0.726288868076989	0.9915
SRR15373200	551	595.161764705882	13.1808307336246	589.685148274787	11.2158342957705	4.69660827113701	0.96401016	27.7856194970581	125.497482271412	0.744107351330138	0.9922
SRR15373201	574	611.344262295082	11.9621627526708	605.554039680332	11.6639155536967	5.08626931323164	0.97883246	47.2421452847142	132.308400009614	0.800655759358227	0.9932
SRR15373202	598	614.109589041096	6.42217322705621	617.323443716915	11.6344813063184	4.90090005528825	0.9670806	30.3772243722547	139.525745088731	0.766533274320061	0.9951
ERR2162200	570	597	9.69620825109235	594.482654379087	11.8649532504212	5.43494268359057	0.99024334	102.494091215641	131.11643675878	0.856485051229895	0.9945
ERR2162201	649	673.5	9.23409144237521	665.984405648253	12.1204270055274	5.28515712393377	0.9789892	47.5945704114075	155.232764131701	0.816185937705773	0.995
ERR2162202	629	657.153846153846	9.64394422363505	653.749041978595	11.7293939773199	5.05084134510149	0.97565866	41.0823726220496	149.013491546643	0.783789333876425	0.9939
ERR2162203	515	542.230769230769	9.42005799321439	546.044993077988	11.3100847738242	4.9198230301766	0.97096492	34.4410967698384	115.046759742937	0.787907035228933	0.994
ERR2162204	485	518.015873015873	10.8707671397853	519.695439287926	10.8282784229194	4.85931939910528	0.97922676	48.1388555661033	106.535913975508	0.78577011724707	0.9935
ERR2162205	632	671.395833333333	13.1465697124092	655.406930284217	12.1349155083141	5.15298264545154	0.9743696	39.0161683001436	149.941487931028	0.799049623975329	0.9938
ERR2162206	487	541.807692307692	16.4824761554621	528.443591526077	10.9212310450716	4.68229504550657	0.97137474	34.9341805105002	107.097645165582	0.756641111687741	0.9924
ERR2162207	532	552.090909090909	7.60095888543266	553.981179602746	10.9945931866662	4.63323742040739	0.96011476	25.0719313711037	119.94973250605	0.738171194249773	0.9948
ERR2162208	588	638.05	14.8740099498695	626.928494730747	11.9220232744616	5.02950404990012	0.97464288	39.4366552668442	136.5048858714	0.788728150192715	0.9922
ERR2162209	489	571.909090909091	22.2495654878563	553.572670814698	11.2812000874809	4.49324480043025	0.9602387	25.1500831210247	107.660188224898	0.72561075164243	0.9904
ERR2162210	557	592.046153846154	11.2685754936581	586.56468473147	11.0112066597915	4.30011635933489	0.92070816	12.611638221537	127.26422105654	0.680122101734824	0.9932
ERR2162211	549	607.04347826087	16.0493429823826	602.035925194519	11.5435249007866	4.51763826089124	0.95542058	22.4318755156527	124.910146391597	0.716164832045672	0.991
ERR2162212	618	661.029411764706	12.934772169925	652.498341467178	11.6648222426129	4.85690376815712	0.96620372	29.5890553634897	145.625597208368	0.755763244625589	0.9923
ERR2162213	577	626.521739130435	15.7508961666724	606.79772852788	11.7421644832333	4.95745614841941	0.97015094	33.5018925219086	133.204426231582	0.779738776240855	0.9932
ERR2162214	550	576.818181818182	9.29046592810495	577.884314745632	11.4842620555339	4.79835393543915	0.96816544	31.412402118955	125.203715677438	0.760446288503722	0.994
ERR2162215	587	608.521739130435	7.9024906836601	609.956717047549	11.6748047066354	4.9531406968866	0.973183	37.2897788716113	136.203869521516	0.776960221626268	0.9945
ERR2162216	586	632.444444444444	13.9166543242234	627.391513989408	12.1246240281282	5.13197527667118	0.9795914	48.9989514224396	135.903047890832	0.805227957502472	0.9923
ERR2162217	480	521.417910447761	12.6240872685311	524.70743697758	10.8251526740466	4.42180279245666	0.96113382	25.7293101611735	105.135143473298	0.716222220536926	0.9925
ERR2162218	512	545	10.7941415990994	544.98255658684	10.965204141366	4.6385390195536	0.96285108	26.9186829657497	114.187523714035	0.743555248942215	0.9934
ERR2162219	577	610.5	10.8056946937562	608.891836166379	11.5580276740321	4.83455388804043	0.96828842	31.5342218836148	133.204426231582	0.760407963171395	0.9932
ERR2162220	577	610.042253521127	10.6032029474293	609.807019632188	11.5481884468735	4.71676729598385	0.9654904	28.9774439576234	133.204426231582	0.741881773448655	0.9931
ERR2162221	625	668.8	13.4841941290649	655.660948095662	11.709730418508	4.96691499914149	0.97006266	33.403101277535	147.7787948439	0.771529451488683	0.9927
ERR2162222	506	557.890625	15.0424948361417	552.866575804665	11.0347041162047	4.26259679284082	0.94885818	19.5534691569444	112.474464767227	0.684585511857045	0.9918
ERR2162223	469	510.892857142857	13.2631271430318	505.377654324487	10.5513044304524	4.51819575803029	0.95000068	20.0002720036993	102.071394542362	0.734593978529953	0.9931
ERR2162224	523	579.766233766234	15.3841172204896	579.720567464288	10.9647451205265	3.96587316543143	0.88676806	8.83143042501966	117.346859367897	0.633568424374499	0.9906
SRR16168896	548	600.25	15.6147309855074	591.93810764138	11.8709574749019	5.0717551315069	0.97862424	46.781962372332	124.616774490613	0.804239412447442	0.9923
SRR16168898	574	619.308823529412	13.4287957202626	614.07512199679	11.6928249346053	4.85065279028918	0.9699182	33.242691594253	132.308400009614	0.763566153111252	0.9921
SRR16168900	590	640.25	16.1049868166677	617.329676849719	11.6686320017641	4.99122012827762	0.9730177	37.0613327996501	137.107502474667	0.782307878792397	0.9933
SRR16168902	625	641.245283018868	6.84696719912133	639.305563310037	12.1343822320883	5.27654963475838	0.98043018	51.0990903339939	147.7787948439	0.819626155503285	0.9958
SRR16168904	572	603.428571428571	11.0912385938662	595.732064973001	11.8722477697204	5.21451433675402	0.97978088	49.4581366548099	131.712026959731	0.821294721037568	0.9944
SRR16168906	503	526.470588235294	8.41440350977236	531.51034426929	11.0839197777872	4.78552494100902	0.96970888	33.012975419859	111.620652977443	0.769304006557354	0.9943
SRR16168907	573	623.281690140845	14.3451573628867	617.212641275107	11.5974707196619	4.27959524916395	0.89846142	9.84847335859926	132.010115662856	0.67385801604028	0.9915
SRR16168908	552	588.654545454545	12.0808297123732	581.042136618097	11.5132971361912	4.96780539053501	0.97362388	37.913081984765	125.79144609717	0.786848433578386	0.9936
SRR16168909	509	547.042253521127	11.723456003259	547.720307846949	10.8779042507076	4.33075001950476	0.94855182	19.4370335354914	113.330093809847	0.694871422594184	0.9926
SRR16168910	638	660.615384615385	8.65369928072143	655.162442790358	12.1327767071559	5.18295505497426	0.97716762	43.7974490613769	151.802668040081	0.802521457932983	0.9951
SRR16168911	632	657.520833333333	9.59058435181469	649.463904329556	12.0116893676625	5.37215017566912	0.98569562	69.9086573483087	149.941487931028	0.833034937852244	0.995
SRR16168912	584	610.6	9.4201220478218	609.000922688449	11.9878996190474	5.29429452788452	0.98216892	56.0818525854856	135.301989043069	0.831142358751998	0.9943
SRR16168913	671	696.875	10.0852361632577	685.855221076068	12.7330541086442	5.61516582420728	0.98767542	81.1386676057115	162.162354553005	0.862707787915156	0.9954
SRR16168914	612	652.471698113208	13.0993827058055	639.528602572256	11.9294725569238	4.96086590981126	0.97033296	33.7074409850123	143.787522250613	0.773114054225267	0.9934
SRR16168915	612	633.610169491525	8.17030402355924	632.455229470869	12.2183622155794	5.44775437496699	0.9871373	77.7441750176868	143.787522250613	0.848992000151523	0.9949
SRR16168916	679	698.30612244898	7.83794160927854	692.487741839989	12.6200856851743	5.57954851592345	0.98606234	71.7480552689619	164.705074601016	0.855677458753444	0.9956
SRR16168918	659	675.557692307692	6.96266533269629	672.125857539005	12.5323078337017	5.48708161180391	0.98457398	64.8255350375534	158.371126262641	0.845372874477926	0.9958
SRR16168919	681	692.447368421053	5.73449088028191	688.401838205615	12.7128362425656	5.69312332761991	0.9882835	85.3497204796654	165.342655908944	0.872701610016543	0.997
SRR16168920	614	661.781818181818	14.6758139396827	643.204452995148	11.3011733773977	4.69894329451242	0.95850602	24.0998814767829	144.399441504433	0.731923209769352	0.9927
SRR16168921	673	695.5	8.84704550996705	688.073887271722	12.6841312956332	5.46977740324944	0.9837182	61.41827070717	162.796893141362	0.839986382506127	0.9954
SRR16168922	590	632.368421052632	13.318177997418	621.211998276581	11.530754227496	4.82309569483159	0.96689948	30.2110057485502	137.107502474667	0.755956592829835	0.993
SRR16168923	636	659.611111111111	8.85130510376438	655.886355613676	12.4970524748868	5.55002165564844	0.98761514	80.743746800529	151.181506647689	0.85977551289711	0.9949
SRR16168924	647	662.282608695652	6.74557339865527	658.078396432051	11.9474735873105	5.28010413654324	0.97969066	49.2384292153265	154.607386354943	0.815794442431082	0.9962
SRR16168925	559	598.720588235294	12.2079396977105	596.444034090049	11.5203342793461	4.67669545772816	0.96019884	25.1248958573067	127.854709032091	0.73926414125585	0.9926
SRR16168926	534	574.924242424242	12.5573388616593	572.106740933753	11.2185103484209	4.56158291912141	0.95818462	23.9146457595268	120.530337161711	0.726320925637172	0.9926
SRR16168927	587	608.69014084507	7.90192685226234	609.000964953282	11.1415774186695	4.62838818599148	0.95655516	23.0176932404401	136.203869521516	0.726018849620148	0.9944
SRR16168928	572	622.857142857143	14.1978274941072	623.023031190732	11.8492027872525	4.78210061119202	0.96983988	33.1563667518564	131.712026959731	0.753188836735919	0.9911
SRR16168929	507	561.411764705882	16.4730473134749	546.665248895868	11.1269988873873	4.51076193623883	0.95804668	23.8360158385558	112.759505242323	0.724211923786929	0.9925
SRR16168930	548	607.5	16.914645807653	590.030921873637	10.8851661568948	4.37007362453038	0.95070898	20.2876710605705	124.616774490613	0.692972226184772	0.9915
SRR16168931	547	584.04347826087	11.5737843389116	579.063352927206	10.9032684491789	4.46334898857913	0.95677176	23.1330260033719	124.32360005159	0.707968155259575	0.9928
SRR16168932	610	641.285714285714	9.85791308586904	644.389815390674	11.7264978143372	4.78046481365658	0.96461598	28.2613450930674	143.176375994026	0.745380121020994	0.9927
SRR16168933	601	628.9	9.43839779762771	627.22225552873	11.6680655298947	4.88490282585755	0.96646274	29.8175819968596	140.43578935462	0.763433671897592	0.9937
SRR16168934	604	629.518518518518	9.35143518186166	622.713911230451	11.4007069066932	4.95047641121178	0.97081004	34.2583545849326	141.347578335437	0.773080198369269	0.9947
SRR16168935	607	625.818181818182	7.52464600318151	623.740217377631	11.888657484219	5.03450107320144	0.97173188	35.3755396538574	142.261106974555	0.785593891725203	0.9954
SRR16168936	633	654.388888888889	7.80565041434258	653.937515452591	11.8705875656313	5.0033146998266	0.97037376	33.7538614417489	150.251204475864	0.775651134318893	0.9944
SRR16168937	633	670.344262295082	11.96217098432	660.65175978638	11.8670949349213	4.99460868388657	0.96887214	32.1255621170231	150.251204475864	0.774301462842199	0.9932
SRR16168938	602	642.737704918033	12.7409572747047	635.961624981471	12.0012000297033	4.82758905226845	0.96759206	30.8566357503747	140.739525236846	0.754280447860253	0.9929
SRR16168939	616	644	9.87501601215921	639.423513534148	12.0682847980466	5.26087693722077	0.9820033	55.5657426083671	145.012133305502	0.819037002171669	0.9943
SRR16168940	554	596.405797101449	12.7568127217628	593.791756597514	11.4753111306714	4.71121270101772	0.96756904	30.834733230222	126.379965140505	0.745779623396764	0.9923
SRR16168941	609	629.739130434783	7.70361040956692	629.68479642514	11.526046360651	4.93355789768938	0.970336	33.7108953613808	142.871092881564	0.769447556325001	0.9946
SRR16168942	555	591.5	11.2810371868756	589.850381619163	10.7075077175071	4.18026585227383	0.915145	11.7848093807083	126.674520207245	0.661542482415757	0.9926
SRR16168943	627	659.272727272727	10.2538367148324	656.540027201707	11.279250791125	4.69430926898574	0.95504654	22.2452287321154	148.395727812088	0.728822889519659	0.9929
SRR16168944	657	672.258064516129	6.37270812433542	671.499052280327	12.2209025411205	5.38890534200375	0.98411732	62.9616664190174	157.741925289769	0.830636221901338	0.9956
SRR16168945	620	635.105263157895	6.42658447471145	633.881090351952	11.6703240667144	5.00946920096359	0.97012176	33.4691735523913	146.239832772077	0.779111626576176	0.9958
SRR16168946	578	610.85	10.3016158788004	614.639310208694	11.5109935574771	4.7173043066046	0.96572284	29.1739455660854	133.503492474445	0.741764213140491	0.9927
SRR16168947	636	650.564516129032	6.17538464915252	650.626618671778	11.9686171941997	5.18800892985644	0.97742606	44.2988685183003	151.181506647689	0.803694708838205	0.9957
SRR16168948	516	580.90099009901	15.9369709018443	591.137557561133	10.1845792715011	3.06907105786174	0.76545582	4.26358906027854	115.33357233472	0.491357444420039	0.9885
SRR16168949	487	554.038461538462	19.1934393656424	537.716715157905	10.9377441852925	4.65802203174148	0.97232208	36.1298825923335	107.097645165582	0.752718684770868	0.9916
SRR16168950	588	602.558823529412	6.07461973449903	604.316501206523	11.3404381698976	4.87312612695638	0.97209826	35.8400587203522	136.5048858714	0.764204923116908	0.9955
SRR16168951	546	578.04347826087	10.4374358951537	575.913848316954	10.8640795757377	4.42817866843386	0.94945778	19.7854387876116	124.030623152007	0.702593427506141	0.9933
SRR16168952	479	542.01724137931	17.8096655728724	531.946519890882	10.8036145096825	4.53871998460037	0.9675773	30.8425886801531	104.855600080814	0.735408322708396	0.9914
SRR16168953	514	573.375	17.8693151215907	551.641191317108	10.9498294987659	4.55626598628689	0.95823764	23.945006939263	114.760147381437	0.729910769373075	0.9924
SRR16168954	582	629.442857142857	13.7946231524149	623.800162191982	11.5995580474413	4.59562887242682	0.95640794	22.9399574142631	134.701709843317	0.721848771647779	0.9918
SRR16168955	604	627.181818181818	8.70458020990085	622.10374838937	11.730481528401	5.08304938152931	0.97502196	40.0351668905967	141.347578335437	0.793783163029268	0.9949
SRR16168957	560	590.287671232877	9.91364056688663	588.842818218309	10.8159149541002	4.4607674806111	0.95065272	20.2645414296391	128.150248008011	0.704932371018768	0.9933
SRR16168958	602	647.308823529412	13.4287997654287	637.946946873465	10.9302093917844	4.28378064269984	0.9219664	12.8149925160444	140.739525236846	0.669313801718977	0.9921
SRR16168959	676	711.018518518518	11.7355563389682	699.054345675014	12.5400121557399	5.48362716716987	0.98615166	72.2108209359389	163.750128108401	0.841538472414305	0.9938
SRR16168960	587	597.540540540541	4.83925235411771	600.2149370838	10.7761088156924	4.68964676841866	0.95874584	24.239979677201	136.203869521516	0.735628001609116	0.996
SRR16168961	581	620.041095890411	11.8712864922029	617.941431028874	11.4293380836184	4.65368690645891	0.963488	27.3882559158633	134.401862773853	0.731165615786137	0.9924
SRR16168962	612	628.125	6.74175979500456	627.767484694365	12.2049718022862	5.33994788841464	0.98219164	56.1534021100202	143.787522250613	0.832191161063043	0.9957
SRR16168963	566	589.820895522388	8.52624691098117	588.785600314731	11.1298079240401	4.7638153965459	0.96479012	28.4011192313067	129.927607117981	0.751557102059501	0.9943
SRR16168964	554	584.51724137931	10.4613118524091	581.792406012266	11.5695615523284	4.91049345166708	0.9718958	35.5818703254318	126.379965140505	0.777325540043108	0.994
SRR16168965	480	520.924242424242	12.5573288538634	521.234572855263	10.5492340576527	4.45755421927073	0.96319134	27.1675198173473	105.135143473298	0.722013063661775	0.9926
SRR16168966	486	528.873015873016	13.1265077125644	525.932102847639	10.6843277141225	4.14251011049839	0.9336562	15.0729985318899	106.81667803447	0.669636341473153	0.9926
SRR16168967	523	552.210526315789	9.17718263229361	561.999964095146	10.3934703421029	4.27505140564047	0.94685198	18.8153763771444	117.346859367897	0.682961221957527	0.9925
SRR16168968	523	571.615384615385	14.2859008746246	564.862161000451	10.8195421513577	4.34162412113449	0.94840968	19.3834812422175	117.346859367897	0.693596552111182	0.992
SRR16168969	600	623.763888888889	8.39325094937001	624.289698083283	11.531805697214	4.91099804212002	0.96962914	32.9262984321155	140.132247329409	0.767711747168506	0.9941
SRR16168970	620	656.491228070175	11.944510366244	646.71569985203	11.8270633172303	4.99112879959734	0.9710962	34.5975269687723	146.239832772077	0.776259184657225	0.9935
SRR16168971	602	640.610169491525	12.3471056205433	630.269275241713	11.5899899180565	4.80864955781551	0.96820026	31.446797992688	140.739525236846	0.751321270887328	0.9932
SRR16168972	557	588.044776119403	10.2690335261965	585.611269820815	10.9104023260329	4.55174082819648	0.9622683	26.5029139953938	127.26422105654	0.719919946330017	0.9935
SRR16168973	517	605.72380952381	19.8621931126803	609.1680819233	10.603951673269	2.14576776416123	0.50620258	2.0251219619576	115.620585066158	0.343430384083281	0.9863
SRR16168974	596	628.411764705882	11.2396840323717	617.01812330352	11.4871636908365	4.89900125834534	0.96628836	29.663344767564	138.920018995219	0.766637989644787	0.9942
SRR16168975	557	624.157894736842	18.7686211367589	600.653268582491	11.1008135856708	4.64018362948454	0.9673979	30.6728707659936	127.26422105654	0.733908382657971	0.9912
SRR16168976	537	588.12	15.7977031273546	572.588891944502	11.2972126184753	4.65251954612694	0.96267932	26.7947958075791	121.402733304882	0.740140145793418	0.9928
SRR16168977	535	572.078431372549	12.3960173651106	564.265092098186	11.2222992487182	4.70649147929581	0.96566836	29.1276501792516	120.820937404053	0.749170907399185	0.9938
SRR16168978	475	497.188679245283	8.50492318608149	495.296650869895	10.207787745705	4.21024941218297	0.94464244	18.0643800051881	103.739465821673	0.68311445156539	0.9951
SRR16168980	573	627.685714285714	15.3066670242611	622.960850981322	11.7988637834154	4.73375194564346	0.96758054	30.8456710876739	132.010115662856	0.745368781111085	0.9912
SRR16168981	617	638	8.09241907728063	633.937368997406	11.7718317769205	5.13557661335831	0.97676132	43.0317040382672	145.318768771875	0.799327829758095	0.9951
SRR16168982	591	629.5125	11.5275612807715	629.940051694163	11.5770242312095	4.71328271163022	0.96686394	30.1786030083239	137.40910260179	0.738548823528439	0.9921
SRR16168983	522	574.818181818182	15.1292547151183	569.347295171194	11.0500532641364	4.42621291769689	0.9541099	21.7911924358413	117.05864767707	0.707326308969786	0.9916
SRR16168984	658	668.333333333333	5.12760426645593	666.542506726269	12.0052110672518	5.26621322709243	0.9788734	47.3336930694007	158.056430309642	0.811534430307611	0.9968
SRR16168985	632	653	8.0924205458543	647.800274047899	11.7286138438275	5.04061837215515	0.9725759	36.4642777702823	149.941487931028	0.781625806255899	0.9951
SRR16168986	476	507.544117647059	10.3535614887008	513.196041433078	10.817816451501	4.40991289788831	0.95724378	23.3884099202408	104.018193270358	0.715265859046637	0.9934
SRR16168987	615	637.31884057971	8.10328867372313	637.733268512558	11.8221266518745	5.12831863152372	0.97930716	48.3258943673271	144.705690864508	0.798601726737104	0.9944
JS001	536	606.873015873016	19.0546990305015	593.335852802001	11.495007312935	4.60080406303518	0.96419942	27.9325083560099	121.111736145834	0.732130146351175	0.9905
JS002	547	571.672413793103	8.99617314533507	568.352045267709	10.9821287387573	4.56582519529	0.95458594	22.0196124283977	124.32360005159	0.724222741492634	0.9946
JS003	478	526.358208955224	14.130374471533	525.991457187092	10.7886037340586	4.38396145369121	0.95672162	23.1062253254396	104.57626050994	0.71057342898534	0.9919
JS004	514	557.846153846154	13.2477176325069	554.649893765266	11.0978748669907	4.12171350587293	0.8809122	8.39716578860303	114.760147381437	0.660295752105302	0.9924
JS005	543	585.558139534884	14.2985688937975	569.782831892949	11.5120497385209	5.09534108682036	0.98029062	50.7372631711398	123.152878470436	0.809155570904686	0.9939
JS006	454	495.418181818182	13.2082953071364	492.91537489085	10.7052995800845	4.50951594934055	0.96290198	26.9556164992094	97.9335495067356	0.737078180252551	0.9932
JS007	466	533.8	16.6852740233204	546.103400804592	10.2562481742669	2.49597952790543	0.59830028	2.48942170036862	101.240124041415	0.406234394033022	0.9886
JS008	561	613.029850746269	14.9095851686244	605.298732804346	11.2048213024246	4.50885777762484	0.95694154	23.2242397893469	128.445983545178	0.712331214112592	0.9916
JS009	612	635.438356164384	8.29151966081307	637.059016990064	11.8462904007897	5.16505459009891	0.97891346	47.4236171510357	143.787522250613	0.804935341338045	0.9941
JS010	608	652.820895522388	13.3685524378863	645.889782809168	11.8509787408806	4.82157151446919	0.95899908	24.3896966214417	142.566003189227	0.752174722726175	0.9922
JS011	392	428.875	12.5220908352681	429.515888313155	10.1487415360306	4.28690824090417	0.94192194	17.2182059800207	81.3288154522479	0.717923339475363	0.994
JS012	625	658.6	11.1258720744009	650.580496804231	12.0300290980939	5.2126788052909	0.97897154	47.5545998137762	147.7787948439	0.809704861091425	0.9936
JS014	665	682.826086956522	7.50764326156865	676.784130599464	12.2576520158256	5.46168123290181	0.98428878	63.6487809348987	160.263309105877	0.84028618149168	0.9959
JS016	627	644.625	6.98875477098521	643.330792017317	11.8039665132336	5.06987789230674	0.97214482	35.8999654642332	148.395727812088	0.787132428490633	0.9952
JS017	600	624.444444444444	8.78849927889115	623.273812047031	11.8680379265204	5.03705797344899	0.9704374	33.8265240540413	140.132247329409	0.7874180653748	0.9944
JS018	648	674.052631578947	10.2544199766893	662.152203855788	12.1127397259963	5.41215754234441	0.98431654	63.7614403964431	154.919979548076	0.835997670673356	0.9955
JS019	644	660.630769230769	6.69875182693008	661.134217574833	12.3710627990258	5.4149216959374	0.98326106	59.7409393904274	153.670755590576	0.837225406632219	0.9953
JS020	585	646.736842105263	19.585774904396	615.042726140706	11.976293478492	5.12619356185174	0.97774342	44.9305329030786	135.60242104327	0.804536384946113	0.9931
JS021	553	594.637931034483	13.0966351266924	588.37736529379	11.5897317272891	4.79731139675683	0.96747134	30.7421209481116	126.085607078735	0.759626199433258	0.993
JS022	575	608.514285714286	10.7426192499314	605.777984207872	11.0288529427132	4.63328787880593	0.96200884	26.3219127818156	132.606879931826	0.729149836893122	0.9931
JS023	469	499.51724137931	10.4612967043306	499.828680908934	10.6252184680558	4.79451097611063	0.97508868	40.142393096793	102.071394542362	0.779518879142603	0.994
JS025	595	619.444444444444	8.78849876927051	617.248221765586	11.5836958893267	5.04877732860822	0.97660828	42.7501697181738	138.617447155102	0.790283916536451	0.9944
JS027	598	643.566037735849	14.2957139504466	629.304914365489	11.7445146827058	4.95142327576515	0.97201374	35.7318198287302	139.525745088731	0.774435441102582	0.993
JS028	608	634.911764705882	9.25693353819443	634.744527433761	12.1049751984501	5.18481481571147	0.9752794	40.4520925867495	142.566003189227	0.808841398430171	0.9939
JS029	578	599.521739130435	7.90248989580426	603.229872759711	11.7750821914654	4.98014909072304	0.97097404	34.4519182139023	133.503492474445	0.783094778607029	0.9945
JS030	510	554.758064516129	13.595414711088	552.799999384879	11.1829874499256	4.55000269219201	0.9610607	25.6809958062934	113.615702066491	0.729820811038677	0.9925
JS031	579	623.776315789474	12.9850736081088	622.98971775314	11.5038203115751	4.62167835262918	0.96212598	26.4033234391279	133.802754023397	0.726530198638263	0.9917
JS032	474	516.45652173913	14.0387694042456	506.567282928403	10.8743957311476	4.93090994129783	0.97834748	46.1840007537229	103.460942634653	0.800315536199362	0.9937
JS033	551	580.647058823529	9.90913494360456	581.177437968018	11.287662569235	4.63988622159595	0.9535004	21.505561338162	125.497482271412	0.735120590755406	0.9936
JS034	622	651.149253731343	9.82150697365946	647.916358109441	11.7800560057899	4.95205452396187	0.9689365	32.1921225876028	146.85483956013	0.769796462048702	0.9937
JS035	613	658.642857142857	14.1262049367736	645.270169369865	11.8738447892481	4.74903802618528	0.94608892	18.5490626416685	144.093385281099	0.739913992673675	0.9928
JS036	586	610.4125	8.37975863760084	613.907035877709	11.4282381193745	4.61884072598076	0.9599883	24.9926896382808	135.903047890832	0.724715043098019	0.9937
JS037	502	558.162790697674	17.6257974312059	538.111435982274	11.1467608310781	5.07781017377862	0.98433608	63.8409797802849	111.336450623152	0.816551969260622	0.993
JS039	571	625.6	15.043803144211	618.109420164681	11.3081287661446	4.61429561048938	0.96061288	25.3890104176188	131.414133968754	0.72695961411502	0.9909
JS040	512	542.211267605634	9.95262113970171	547.694530598964	11.2138685775229	4.59213622109666	0.9632147	27.1847721780168	114.187523714035	0.736116905918082	0.9934
JS041	480	517.089552238806	11.6586603977822	518.660696688525	10.5001868333345	4.43308294873657	0.9630162	27.0388656655076	105.135143473298	0.718049325669833	0.9929
JS042	601	639.610169491525	12.3471054708554	630.896902573609	11.7876672444179	4.9390890153402	0.96875854	32.0087473504759	140.43578935462	0.771902123180575	0.9932
JS043	487	522.513513513514	11.0632406556265	532.245191893343	11.1465365917619	4.62572313138788	0.96285494	26.9214802722085	107.097645165582	0.747499305036716	0.9927
JS044	626	650.175438596491	8.89998811822602	645.712580093027	12.17982699114	5.11627855915312	0.97537614	40.6110171191682	148.087165085371	0.794533340213177	0.9947
JS045	568	623.438596491228	16.2490420845158	607.409310895948	11.5588768889851	4.75715153980531	0.96284112	26.9114677299208	130.521629958969	0.750088373546869	0.992
JS046	417	465.838235294118	14.1839876688627	466.790527215994	9.64062621566523	3.50392128601615	0.88391904	8.61467720459927	87.9265939866595	0.580784221739737	0.9918
JS047	584	619	11.0459242292508	616.763111392561	11.4737848361917	4.66261823946918	0.96311276	27.1096455034315	135.301989043069	0.731976564790962	0.9929
JS048	632	647.681818181818	6.41973741741961	647.941540580126	11.9587112394517	5.15295019461719	0.97433214	38.9592276099371	149.941487931028	0.799044591971777	0.9954
JS050	587	608.358208955224	7.90540644689624	609.895229391108	11.6648598272861	5.12347487722239	0.97923054	48.1476167411189	136.203869521516	0.803679204712578	0.9946
JS051	571	597.6	9.42012045308075	594.502074203733	11.4575490075822	4.72903027451766	0.95822212	23.9361116456843	131.414133968754	0.745035497007744	0.9943
JS053	570	602	10.6308117626787	598.411084826083	11.5042552007384	4.81787029177315	0.96524286	28.7710668944568	131.11643675878	0.759241472063181	0.9936
JS056	570	611.892857142857	13.263149808741	599.147441634447	10.9907602614974	4.61976709331621	0.96006576	25.0411676796654	131.11643675878	0.72802266480851	0.9931
JS057	499	541.519230769231	13.6450975839892	532.015456768831	10.871818898495	4.43395494489666	0.95429964	21.8816657024146	110.485052669242	0.71370289320754	0.9933
JS058	466	484.157894736842	7.29045453552552	486.299397515153	10.5041179471949	4.75364239849648	0.97168786	35.3205374090408	101.240124041415	0.773681441539478	0.9954
JS060	598	634	11.2699805890012	636.252909473526	12.304225798514	5.0833781401059	0.97508844	40.1420063617052	139.525745088731	0.79507405708832	0.9928
JS062	598	627.878378378378	9.79209302272301	628.26539815946	11.6975824728253	4.7856290847962	0.96336428	27.2957648983014	139.525745088731	0.748504129989731	0.9933
ERR2213660	571	604.5	10.8748998499565	605.620756916538	11.8924568567476	4.86589603598021	0.96850486	31.7509304610172	131.414133968754	0.766598025622555	0.9933
ERR2213663	383	457.375	21.2279143174503	445.523162514846	10.0785601464714	2.86589919546584	0.70596136	3.40091356700602	78.9864763619564	0.481822854216368	0.9915
ERR2213664	590	625.539473684211	11.0068219869014	627.416727387401	11.8764861588397	5.05662058740599	0.97525726	40.4158957334555	137.107502474667	0.792558537576789	0.9926
ERR2213665	427	502.444444444444	19.9767833128287	504.004722551219	10.9780141449356	4.20648410312034	0.9510329	20.4218750957275	90.6028746243395	0.694507859935728	0.9902
ERR2213666	504	546.405797101449	12.7568044537352	548.930693448214	11.077109783369	4.62914540457591	0.96852332	31.7695512995653	111.905056687777	0.743927467523138	0.9923
ERR2213669	476	571.857142857143	22.7462683309694	561.080833345066	10.6453265417034	2.54608986693131	0.62293074	2.65203267961965	104.018193270358	0.412963067082937	0.9878
ERR2213671	613	658.779661016949	13.9835149925776	646.518377004459	11.8909697160198	4.66789186083264	0.94432824	17.9624283478733	144.093385281099	0.727271183147793	0.9926
ERR2213672	531	574.394366197183	12.8884534119278	582.603816972217	11.8717039788047	4.89241433261657	0.9731296	37.2156722639038	119.659728259101	0.779697192667114	0.9921
ERR2213673	566	598.516129032258	10.7901208219784	598.393147556367	11.8609416340479	5.08684678177304	0.9789146	47.4261811490415	129.927607117981	0.802519725827754	0.9936
ERR2213674	581	613.014925373134	10.4957497486561	613.120548354682	11.8941248575185	5.07742649128524	0.97671312	42.9426355097806	134.401862773853	0.797741606113827	0.9934
ERR2213675	474	550.78431372549	21.4035670272441	532.498417689644	11.150719475969	4.43572366228239	0.95673484	23.1132856090212	103.460942634653	0.719943905582133	0.9911
ERR2213677	538	576.5125	11.5275552573414	584.415802665698	11.6303262403016	4.89170668600889	0.97469308	39.5148836760854	121.693928799425	0.777960674402166	0.9921
ERR2213679	557	602.142857142857	13.3050666415023	603.486640704914	11.8856303393608	4.91901401741676	0.9725481	36.4273511123092	127.26422105654	0.778009214733439	0.992
ERR2213680	584	601	6.62749484553011	604.301736356493	11.4097377500902	4.87273286301115	0.96674744	30.0728725848476	135.301989043069	0.764962104771628	0.9949
ERR2213681	611	652.0625	12.6756712974252	644.912156899498	12.0299964006339	5.09192742283952	0.97470808	39.5383189572006	143.481852469363	0.793741303560447	0.9927
ERR2213682	575	623.130434782609	13.9862610463655	618.346534831874	11.7262588605768	4.86215069348613	0.97127988	34.8187960217436	132.606879931826	0.765166438572096	0.9918
ERR2213685	533	577.652173913043	13.2430308615529	578.45894997708	11.5293867464069	4.75767036222995	0.96822144	31.4677568775929	120.239935501383	0.757769232723778	0.9921
ERR2213688	579	613.381818181818	11.5326548885945	606.495428425303	11.7648124188902	5.01038311753723	0.97654616	42.6369413281578	133.802754023397	0.787634786303831	0.9938
ERR2213691	524	560.544117647059	11.4982241588503	565.015895981986	11.5820794513709	5.08012253092278	0.98216502	56.0695890884094	117.635270576264	0.811327841198537	0.9929
ERR2213694	579	631.783783783784	17.487219750111	603.480191696283	11.5265329468503	4.9174328869457	0.9691957	32.4630002954133	133.802754023397	0.773022962558735	0.9937
ERR2213696	568	613.71875	13.7069509991287	607.38785407187	11.6089411330837	4.82082678766356	0.96875632	32.0064729890973	130.521629958969	0.760128428546492	0.9923
ERR2213699	455	515.508474576271	17.2005478630606	514.525588844742	11.039535315608	4.53258001530619	0.96620644	29.5914369483416	98.207963314701	0.74058165887028	0.9915
ERR2213700	553	586.548387096774	11.0342382147428	581.096308858209	10.9552355890188	4.59738696861634	0.95897236	24.3738123859915	126.085607078735	0.727969335627232	0.9935
ERR2213701	474	550.145833333333	21.6166342332595	529.397005852118	11.1493263760209	4.75889666780781	0.97297722	37.0058150937838	103.460942634653	0.772396775393453	0.9914
ERR2213704	581	622.142857142857	13.5078403843835	608.935657355739	11.8006786942969	5.10264231976228	0.97723948	43.9357273032426	134.401862773853	0.801703399660871	0.9936
ERR2213705	577	606.546875	10.0111946480226	606.246159233958	11.9171860177877	5.05882469687032	0.97568294	41.1233923837832	133.204426231582	0.795682636469176	0.9938
ERR2213706	582	603.610169491525	8.17030096300736	601.910602977201	11.5037076516633	4.90520309598963	0.9678124	31.0678646435273	134.701709843317	0.770474493875566	0.9949
ERR2213707	589	668	23.3906739013945	622.912485507958	11.4268375631612	4.74811419545278	0.9648496	28.4491783877282	136.806096876879	0.744402154817214	0.992
ERR2213715	571	621.508196721311	14.9154239384796	609.42917976013	11.4377008814888	4.63748862397639	0.9583284	23.9971587364056	131.414133968754	0.73061355949649	0.9921
ERR2213718	574	601.611111111111	8.91927007392369	605.868541627706	10.4832734307721	4.01517149824141	0.90043746	10.0439382121027	132.308400009614	0.63204875457832	0.9929
ERR2213719	557	606.229508196721	14.6358680714826	593.887730888856	11.1016693889278	4.42718110953753	0.94814772	19.2855550421312	127.26422105654	0.700219126499428	0.9922
ERR2213723	560	622.255319148936	18.6265905474578	599.370958700704	11.7392121045319	4.86550982930421	0.96711886	30.4125708536869	128.150248008011	0.768893558136473	0.9923
ERR2213728	580	611.776315789474	10.1697868046143	613.830432725837	11.6701278323811	4.86471838967818	0.97055476	33.9613465538063	134.102210811927	0.764528823465575	0.993
ERR2213731	530	582.213333333333	14.5601914870927	580.263541184358	10.9915849607386	4.49441567236038	0.96107548	25.6907471177551	119.369922844332	0.716483946308872	0.9911
ERR2213733	596	650.139534883721	14.4898401173147	652.129204945924	11.9580310059136	4.78214821003155	0.96825312	31.4991583424891	138.920018995219	0.748351816337412	0.9903
ERR2213734	517	549.272727272727	10.2538252398543	553.443918667488	10.960387444162	4.70504700544086	0.97173724	35.3822485843562	115.620585066158	0.753043328917782	0.9929
ERR2213735	592	635.888888888889	12.9538859476826	632.263697213238	11.7843247443783	4.87083828365769	0.96832382	31.5694632370444	137.710897195587	0.763034890108827	0.992
ERR2213736	563	590.050847457627	9.56626782627321	589.680642606269	11.7847945309701	5.27292934569243	0.98439606	64.0863781839715	129.038044012842	0.832574851466218	0.9943
ERR2213737	572	609.588235294118	11.7328960633945	605.837672606443	11.2888642026068	4.98579944019185	0.97796396	45.3802044287449	131.712026959731	0.785271742666376	0.9928
ERR2213740	537	594.677966101695	16.5948613337705	582.573945820851	11.4314895190499	4.65979235773532	0.96680912	30.1287582613055	121.402733304882	0.741297131764307	0.9917
ERR2213741	573	604.585714285714	10.3005062312652	605.553487701935	11.7753151116048	5.08314204028768	0.97818442	45.8387996101869	132.010115662856	0.800383169690722	0.9933
ERR2235210	520	590.304347826087	18.5106061053725	585.762317274078	11.5084185513599	4.82431666588285	0.97808584	45.6325955455286	116.482823198751	0.771418088220343	0.9901
ERR2235211	507	550.444444444444	13.7395859024326	544.29102808559	11.3400600372701	4.83393504499139	0.9714262	34.997095241095	112.759505242323	0.776098018002101	0.9931
ERR2235212	523	597.454545454545	20.4887516029744	582.412195876137	11.795946324357	4.78418930281645	0.96921082	32.4789422777742	117.346859367897	0.76429859253076	0.9909
ERR2235213	537	570.548387096774	11.0342357561172	569.290238641158	11.4956099306073	4.88822632257826	0.97144872	35.0246994180296	121.402733304882	0.777637258090863	0.9935
ERR2235214	591	618.014285714286	9.22749105497731	617.761225083307	11.6827482873947	4.99120336828084	0.97403758	38.5172106452326	137.40910260179	0.782097659140842	0.9938
ERR2235215	289	436.521739130435	36.8882481488794	473.24763705104	12.8665819060686	3.77925934762455	0.93622882	15.681064706659	55.6018514011344	0.666956365208614	0.9883
ERR2235216	587	621.038461538462	11.5950193462911	612.554484229555	11.8148479664404	5.00162364974751	0.9729339	36.946586320157	136.203869521516	0.784565361093351	0.994
ERR2235217	553	598.272727272727	13.0508132644483	600.643598791553	11.5727371959661	4.6521377599505	0.9631328	27.1243815641003	126.085607078735	0.736638803188844	0.9916
ERR2235218	531	559.720588235294	9.68980070877228	562.59184360493	11.3998856179224	4.88418313819216	0.97395862	38.4004227118532	119.659728259101	0.77838539878608	0.9937
ERR2235219	585	627.022222222222	14.0067735110639	610.45611300401	11.6021507139238	4.83781967191382	0.96648694	29.8391134680032	135.60242104327	0.759277210838826	0.9938
ERR2235220	540	595.014705882353	15.4804181759336	591.406271143437	11.5291991388329	4.98504450659553	0.98041174	51.0509866624192	122.276914469907	0.79233723670809	0.9913
ERR2235221	585	623.804347826087	11.2560443614527	631.894203629638	11.6916522038372	4.68350080699576	0.96243132	26.6179168392395	135.60242104327	0.735057457875514	0.9915
ERR2235223	553	625.818181818182	20.1441880945603	603.061850595512	11.6758661099814	4.61179234121377	0.95841514	24.0472133367769	126.085607078735	0.730250342118703	0.991
ERR2235225	458	525.881355932203	18.7550642157956	520.177992990246	10.9631647279899	4.14394082726414	0.93887388	16.3596184413472	99.0324438383255	0.676355362377998	0.991
ERR2235226	569	595.101694915254	9.32764689591022	592.588723236117	11.5751978323823	4.85258431548271	0.96644448	29.8013560809071	130.818935399006	0.764923671855269	0.9944
ERR2235227	588	622.596774193548	11.2805522785546	615.260857576373	11.320277586272	4.64851381054899	0.95248876	21.0476510400486	136.5048858714	0.728981160480903	0.9934
ERR2235228	552	617.060606060606	16.0381452636938	624.381541956412	10.7423501627756	3.31730066033832	0.79216808	4.8115804348052	125.79144609717	0.525425740965799	0.9886
ERR2235229	580	617.142857142857	12.1476611035282	609.890941874637	11.7669910808045	4.99174824934796	0.97432598	38.9498800733193	134.102210811927	0.784492566765578	0.9935
ERR2235230	490	554.818181818182	17.6119513716807	550.342216572716	11.0457496507952	4.02668004120612	0.89813674	9.8170822335747	107.941763944711	0.65005110046374	0.9907
ERR2235231	543	593.318181818182	14.5991056584042	586.314968859872	11.0907721164412	4.94455815215745	0.97925956	48.2149848315658	123.152878470436	0.785210784971623	0.9918
ERR2235232	537	577.714285714286	12.3477366041744	578.926023017121	11.5383659240183	4.90156820261682	0.97358492	37.8571634081744	121.402733304882	0.779759734082417	0.9924
ERR2235233	465	527.477611940299	17.0718772104247	533.045754081192	11.2369574128775	4.52925059357354	0.96939322	32.6724993612526	100.963444288703	0.737418269295025	0.9908
ERR2235234	534	568.263157894737	11.4122655020118	563.322082159687	11.3260473681858	4.84482827383943	0.96996242	33.2916300181306	120.530337161711	0.771420846403457	0.9937
ERR2235235	550	595.493150684931	13.2537206710711	600.070216980769	11.8576087742611	4.74853816580151	0.96477384	28.3879934684905	125.203715677438	0.75255145255798	0.9918
ERR2235236	603	638.661290322581	11.5290503741965	632.223869139371	11.7745248122719	5.0684444285314	0.97578484	41.2964440457961	141.043454916786	0.79170727655186	0.9933
ERR2235237	583	625.537313432836	12.8703159462885	622.789469839968	11.9980891245806	4.88518877538641	0.96715298	30.4441620579279	135.001751954791	0.767123929060577	0.9924
ERR2235238	590	620.5	10.3084663399113	616.183460822334	11.6405426539064	4.90644967416689	0.97017742	33.5316394490349	137.107502474667	0.769021228948219	0.9938
ERR2235239	587	628.08	12.2402783231085	627.776959293637	11.805421910715	4.8081768264028	0.96963928	32.9372952947097	136.203869521516	0.754220879493368	0.9921
ERR2235240	604	635.086956521739	10.2157996069801	632.309534489309	11.5574162168546	5.06323504553729	0.97763762	44.7179593585298	141.347578335437	0.790688901078121	0.9934
ERR2235241	521	593.172413793103	19.7330303411212	576.040174122492	11.4673337632239	4.84274258704759	0.97634354	42.2717515638434	116.770635591353	0.774126612272741	0.9908
ERR2235242	480	531.092307692308	14.8170752368595	532.464049661643	11.1200423765936	4.6263550316453	0.96957576	32.8685285154206	105.135143473298	0.74935460247341	0.9918
ERR2235243	537	594.055555555556	16.8275046592056	581.55909199816	11.6134290254589	4.74762829590213	0.96801316	31.2628568498795	121.402733304882	0.755270400105502	0.9921
ERR2235244	491	552.119402985075	16.7948953104176	555.081461299351	11.4374992836123	4.72127589101132	0.97280832	36.7759549979994	108.223542319885	0.761933101249756	0.9909
ERR2235245	562	591.149253731343	9.8215004713611	591.840599297412	11.6515032348284	4.94878452746191	0.97123176	34.7605553902498	128.741915570899	0.78161305876346	0.9937
ERR2235248	606	630.797101449275	8.71712349883917	631.819879756059	11.9833854665019	4.96406660277322	0.96954866	32.8392773519983	141.956404295378	0.774802495686942	0.9941
ERR2235251	571	595.344262295082	8.82056826540814	594.460372215834	11.786831650935	5.18861799452118	0.9805749	51.4797864618458	131.414133968754	0.817441285407228	0.9945
ERR2235253	590	622.354430379747	10.218331261224	626.074309886017	11.7658426399862	4.73091372561584	0.96100604	25.6449973277913	137.107502474667	0.741508285813378	0.9928
ERR2235255	499	572.904761904762	19.667356887571	571.609424686257	11.7703325281182	4.4761027457676	0.95593148	22.6919351954638	110.485052669242	0.720487131612702	0.9903
ERR2235256	574	620.928571428571	14.4188996419848	609.768735127804	11.8116563237732	5.01891620836291	0.97370422	38.028915666316	132.308400009614	0.790053361411363	0.9927
ERR2235259	590	624.263157894737	11.4122747082963	615.759727459801	11.6344305761592	4.98866989728512	0.97443262	39.1123376740206	137.107502474667	0.781908163743391	0.9937
ERR2235260	569	617.875	15.4312147559131	599.105506072954	11.5869331110063	4.81853648520233	0.96410154	27.8563481553248	130.818935399006	0.759556636547159	0.9931
ERR2235265	551	590.964912280702	12.7613294469566	583.58325898601	11.5392419356012	4.88569034057607	0.97014136	33.4911436019859	125.497482271412	0.774064577854431	0.9932
ERR2235268	538	577.245283018868	12.8071008873261	571.092620238443	11.6510303376732	4.83008854118262	0.96498314	28.5576719328918	121.693928799425	0.768161130688402	0.9935
ERR2235271	594	620.263888888889	8.99697131955956	621.602313513977	11.6192637884501	4.69588696073385	0.95072652	20.2948929119681	138.315069534126	0.735239657104162	0.9938
ERR2235275	605	649.758064516129	13.5954317726649	639.212726635829	11.8039171479186	4.97298856393885	0.97096972	34.4467914191665	141.651895209817	0.776395189730313	0.9925
ERR2235277	610	653.564516129032	13.3295348156721	644.39846850023	11.9683993547813	4.94576736733167	0.96953296	32.8223549120623	143.176375994026	0.771154442612365	0.9926
ERR2235278	604	629.666666666667	9.18569713775824	627.110428799532	11.7333786172328	5.02060058717934	0.97518802	40.3031116420374	141.347578335437	0.784030985195504	0.9944
ERR2235284	577	603.391891891892	8.97868009363546	605.869787075626	11.5843827902333	4.9418450555711	0.97274156	36.6858851790491	133.204426231582	0.777283368856726	0.9937
ERR2235288	576	609.6	11.1258655179223	602.282633673257	11.2954138712766	4.80648652946274	0.96827028	31.5161936506216	132.905555361652	0.756199672196318	0.9936
ERR2235290	610	643.672413793103	11.226634394776	635.101877131453	11.7362589794638	4.97492726804475	0.97139734	34.9617832747024	143.176375994026	0.775701115617966	0.9937
ERR2235293	572	608.35593220339	11.8203214094233	602.415078580064	11.718258385422	4.94153019996327	0.97019286	33.5490087274391	131.712026959731	0.778299263360335	0.9934
ERR2235296	568	608.140845070423	12.1841087310953	607.227118909601	11.632691407661	4.68090184990242	0.95890892	24.3361819645529	130.521629958969	0.73806563149122	0.9924
ERR2235300	558	590.04347826087	10.4374374159592	591.478990147866	11.5736020359499	5.00395231015838	0.9755732	40.9386411646225	127.559366690464	0.791218895056875	0.9933
ERR2235306	600	616.418181818182	6.84871898497359	614.399266486568	11.4717630613026	4.90550678231589	0.96619708	29.5832431044419	140.132247329409	0.766853326003963	0.9957
ERR2235316	564	592.518518518518	10.121921732141	588.887013640857	11.709228620305	4.98296152433802	0.96983288	33.1486731249122	129.334368799028	0.786569668785346	0.9944
ERR2235317	551	595.758064516129	13.5954227419342	588.257560087628	11.3725580764519	4.88856454300781	0.97095152	34.4252091675709	125.497482271412	0.774519952251273	0.9925
ERR2235321	594	655.327868852459	17.2311102759512	639.573834919038	11.9352377836239	4.92396820738378	0.9751057	40.1698380753827	138.315069534126	0.770950563048238	0.9913
ERR2235322	590	636.2	13.7627853414842	628.51735835746	11.693825136941	4.87497950765645	0.97047034	33.8642571570414	137.107502474667	0.764088695704786	0.9922
ERR2235325	536	576.924242424242	12.5573391963397	574.131763336794	11.2569361082881	4.45957644220853	0.95074978	20.3044778277133	121.111736145834	0.709656466253519	0.9926
ERR2235329	596	623.243243243243	9.17947173624235	624.347618501187	11.7456376527077	4.86100217852089	0.967416	30.6899091578689	138.920018995219	0.76069156574556	0.9936
ERR2235332	572	616.542372881356	13.7049481856526	603.089917203228	10.9516354221746	4.49574308829474	0.95079316	20.3223779458303	131.712026959731	0.708087048401145	0.9927
ERR2235333	536	565.5	10.1373003420668	563.376253095509	11.3754858001916	5.10680691395974	0.98000358	50.0089516023368	121.111736145834	0.812650841478781	0.994
ERR2235334	570	622.69014084507	14.8448930754471	611.379332197164	10.6442181019027	3.86538613547711	0.87471416	7.98174797726543	131.11643675878	0.609140819877106	0.9913
ERR2235341	598	646.305084745763	14.5476027246623	631.251888678081	11.5005069609855	4.75491475296599	0.96399706	27.7755094445065	139.525745088731	0.743700204775838	0.9924
ERR2235342	601	624.951612903226	8.69209664464781	622.61374588785	11.6642885241045	4.96066483861043	0.97125168	34.7846413286063	140.43578935462	0.775274085852221	0.9945
